Volume ID,Main Shelfmark,Internal Parts,URL
1,MS. Georg. c. 1 (P),Single Part,https://hebrew.bodleian.ox.ac.uk/catalog/volume_1
2,MS. Georg. d. 3 (P),Single Part,https://hebrew.bodleian.ox.ac.uk/catalog/volume_2
3,MS. Heb. a. 1,MS. Heb. a. 1/1 | MS. Heb. a. 1/2,https://hebrew.bodleian.ox.ac.uk/catalog/volume_3
4,MS. Heb. a. 2,MS. Heb. a. 2/1 | MS. Heb. a. 2/2 | MS. Heb. a. 2/3 | MS. Heb. a. 2/4 | MS. Heb. a. 2/5 | MS. Heb. a. 2/6 | MS. Heb. a. 2/7 | MS. Heb. a. 2/8 | MS. Heb. a. 2/9 | MS. Heb. a. 2/10 | MS. Heb. a. 2/11 | MS. Heb. a. 2/12 | MS. Heb. a. 2/13 | MS. Heb. a. 2/14 | MS. Heb. a. 2/15 | MS. Heb. a. 2/16 | MS. Heb. a. 2/17 | MS. Heb. a. 2/18 | MS. Heb. a. 2/19 | MS. Heb. a. 2/20 | MS. Heb. a. 2/21 | MS. Heb. a. 2/22 | MS. Heb. a. 2/23 | MS. Heb. a. 2/24,https://hebrew.bodleian.ox.ac.uk/catalog/volume_4
5,MS. Heb. a. 3,MS. Heb. a. 3/1 | MS. Heb. a. 3/2 | MS. Heb. a. 3/3 | MS. Heb. a. 3/4 | MS. Heb. a. 3/5 | MS. Heb. a. 3/6 | MS. Heb. a. 3/7 | MS. Heb. a. 3/8 | MS. Heb. a. 3/9 | MS. Heb. a. 3/10 | MS. Heb. a. 3/11 | MS. Heb. a. 3/12 | MS. Heb. a. 3/13 | MS. Heb. a. 3/14 | MS. Heb. a. 3/15 | MS. Heb. a. 3/16 | MS. Heb. a. 3/17 | MS. Heb. a. 3/18 | MS. Heb. a. 3/19 | MS. Heb. a. 3/20 | MS. Heb. a. 3/21 | MS. Heb. a. 3/22 | MS. Heb. a. 3/23 | MS. Heb. a. 3/24 | MS. Heb. a. 3/25 | MS. Heb. a. 3/26 | MS. Heb. a. 3/27 | MS. Heb. a. 3/28 | MS. Heb. a. 3/29 | MS. Heb. a. 3/30 | MS. Heb. a. 3/31 | MS. Heb. a. 3/32 | MS. Heb. a. 3/33 | MS. Heb. a. 3/34 | MS. Heb. a. 3/35 | MS. Heb. a. 3/36 | MS. Heb. a. 3/37 | MS. Heb. a. 3/38 | MS. Heb. a. 3/39 | MS. Heb. a. 3/40 | MS. Heb. a. 3/41 | MS. Heb. a. 3/42 | MS. Heb. a. 3/43 | MS. Heb. a. 3/44 | MS. Heb. a. 3/45 | MS. Heb. a. 3/46,https://hebrew.bodleian.ox.ac.uk/catalog/volume_5
6,MS. Heb. a. 4,Single Part,https://hebrew.bodleian.ox.ac.uk/catalog/volume_6
7,MS. Heb. b. 1,MS. Heb. b. 1/1 | MS. Heb. b. 1/2 | MS. Heb. b. 1/3 | MS. Heb. b. 1/4 | MS. Heb. b. 1/5 | MS. Heb. b. 1/6 | MS. Heb. b. 1/7 | MS. Heb. b. 1/8 | MS. Heb. b. 1/9,https://hebrew.bodleian.ox.ac.uk/catalog/volume_7
8,MS. Heb. b. 10,MS. Heb. b. 10/1 | MS. Heb. b. 10/2 | MS. Heb. b. 10/3 | MS. Heb. b. 10/4 | MS. Heb. b. 10/5 | MS. Heb. b. 10/6 | MS. Heb. b. 10/7 | MS. Heb. b. 10/8 | MS. Heb. b. 10/9 | MS. Heb. b. 10/10 | MS. Heb. b. 10/11 | MS. Heb. b. 10/12 | MS. Heb. b. 10/13 | MS. Heb. b. 10/14 | MS. Heb. b. 10/15 | MS. Heb. b. 10/16 | MS. Heb. b. 10/17 | MS. Heb. b. 10/18 | MS. Heb. b. 10/19 | MS. Heb. b. 10/20 | MS. Heb. b. 10/21 | MS. Heb. b. 10/22 | MS. Heb. b. 10/23 | MS. Heb. b. 10/24 | MS. Heb. b. 10/25 | MS. Heb. b. 10/26 | MS. Heb. b. 10/27 | MS. Heb. b. 10/28 | MS. Heb. b. 10/29 | MS. Heb. b. 10/30 | MS. Heb. b. 10/31 | MS. Heb. b. 10/32 | MS. Heb. b. 10/33 | MS. Heb. b. 10/34 | MS. Heb. b. 10/35 | MS. Heb. b. 10/36 | MS. Heb. b. 10/37 | MS. Heb. b. 10/38 | MS. Heb. b. 10/39 | MS. Heb. b. 10/40 | MS. Heb. b. 10/41 | MS. Heb. b. 10/42 | MS. Heb. b. 10/43 | MS. Heb. b. 10/44 | MS. Heb. b. 10/45,https://hebrew.bodleian.ox.ac.uk/catalog/volume_8
9,MS. Heb. b. 11,MS. Heb. b. 11/1 | MS. Heb. b. 11/2 | MS. Heb. b. 11/3 | MS. Heb. b. 11/4 | MS. Heb. b. 11/5 | MS. Heb. b. 11/6 | MS. Heb. b. 11/7 | MS. Heb. b. 11/8 | MS. Heb. b. 11/9 | MS. Heb. b. 11/10 | MS. Heb. b. 11/11 | MS. Heb. b. 11/12 | MS. Heb. b. 11/13 | MS. Heb. b. 11/14 | MS. Heb. b. 11/15 | MS. Heb. b. 11/16 | MS. Heb. b. 11/17 | MS. Heb. b. 11/18 | MS. Heb. b. 11/19 | MS. Heb. b. 11/20 | MS. Heb. b. 11/21 | MS. Heb. b. 11/22 | MS. Heb. b. 11/23 | MS. Heb. b. 11/24 | MS. Heb. b. 11/25 | MS. Heb. b. 11/26 | MS. Heb. b. 11/27 | MS. Heb. b. 11/28 | MS. Heb. b. 11/29 | MS. Heb. b. 11/30 | MS. Heb. b. 11/31 | MS. Heb. b. 11/32 | MS. Heb. b. 11/33 | MS. Heb. b. 11/34 | MS. Heb. b. 11/35,https://hebrew.bodleian.ox.ac.uk/catalog/volume_9
10,MS. Heb. b. 12,MS. Heb. b. 12/1 | MS. Heb. b. 12/2 | MS. Heb. b. 12/3 | MS. Heb. b. 12/4 | MS. Heb. b. 12/5 | MS. Heb. b. 12/6 | MS. Heb. b. 12/7 | MS. Heb. b. 12/8 | MS. Heb. b. 12/9 | MS. Heb. b. 12/10 | MS. Heb. b. 12/11 | MS. Heb. b. 12/12 | MS. Heb. b. 12/13 | MS. Heb. b. 12/14 | MS. Heb. b. 12/15 | MS. Heb. b. 12/16 | MS. Heb. b. 12/17 | MS. Heb. b. 12/18 | MS. Heb. b. 12/19 | MS. Heb. b. 12/20 | MS. Heb. b. 12/21 | MS. Heb. b. 12/22 | MS. Heb. b. 12/23 | MS. Heb. b. 12/24 | MS. Heb. b. 12/25 | MS. Heb. b. 12/26 | MS. Heb. b. 12/27 | MS. Heb. b. 12/28 | MS. Heb. b. 12/29 | MS. Heb. b. 12/30 | MS. Heb. b. 12/31 | MS. Heb. b. 12/32 | MS. Heb. b. 12/33,https://hebrew.bodleian.ox.ac.uk/catalog/volume_10
11,MS. Heb. b. 13,MS. Heb. b. 13/1 | MS. Heb. b. 13/2 | MS. Heb. b. 13/3 | MS. Heb. b. 13/4 | MS. Heb. b. 13/5 | MS. Heb. b. 13/6 | MS. Heb. b. 13/7 | MS. Heb. b. 13/8 | MS. Heb. b. 13/9 | MS. Heb. b. 13/10 | MS. Heb. b. 13/11 | MS. Heb. b. 13/12 | MS. Heb. b. 13/13 | MS. Heb. b. 13/14 | MS. Heb. b. 13/15 | MS. Heb. b. 13/16 | MS. Heb. b. 13/17 | MS. Heb. b. 13/18 | MS. Heb. b. 13/19 | MS. Heb. b. 13/20 | MS. Heb. b. 13/21 | MS. Heb. b. 13/22 | MS. Heb. b. 13/23 | MS. Heb. b. 13/24 | MS. Heb. b. 13/25 | MS. Heb. b. 13/26 | MS. Heb. b. 13/27 | MS. Heb. b. 13/28 | MS. Heb. b. 13/29 | MS. Heb. b. 13/30 | MS. Heb. b. 13/31 | MS. Heb. b. 13/32 | MS. Heb. b. 13/33 | MS. Heb. b. 13/34 | MS. Heb. b. 13/35 | MS. Heb. b. 13/36,https://hebrew.bodleian.ox.ac.uk/catalog/volume_11
12,MS. Heb. b. 17,MS. Heb. b. 17/1 | MS. Heb. b. 17/2 | MS. Heb. b. 17/3 | MS. Heb. b. 17/4 | MS. Heb. b. 17/5 | MS. Heb. b. 17/6 | MS. Heb. b. 17/7 | MS. Heb. b. 17/8 | MS. Heb. b. 17/9 | MS. Heb. b. 17/10 | MS. Heb. b. 17/11 | MS. Heb. b. 17/12 | MS. Heb. b. 17/13 | MS. Heb. b. 17/14 | MS. Heb. b. 17/15 | MS. Heb. b. 17/16 | MS. Heb. b. 17/17 | MS. Heb. b. 17/18 | MS. Heb. b. 17/19 | MS. Heb. b. 17/20 | MS. Heb. b. 17/21 | MS. Heb. b. 17/22 | MS. Heb. b. 17/23 | MS. Heb. b. 17/24,https://hebrew.bodleian.ox.ac.uk/catalog/volume_12
13,MS. Heb. b. 18,MS. Heb. b. 18/1 | MS. Heb. b. 18/2 | MS. Heb. b. 18/3 | MS. Heb. b. 18/4 | MS. Heb. b. 18/5 | MS. Heb. b. 18/6 | MS. Heb. b. 18/7 | MS. Heb. b. 18/8,https://hebrew.bodleian.ox.ac.uk/catalog/volume_13
14,MS. Heb. b. 2,MS. Heb. b. 2/1 | MS. Heb. b. 2/2 | MS. Heb. b. 2/3 | MS. Heb. b. 2/4 | MS. Heb. b. 2/5 | MS. Heb. b. 2/6 | MS. Heb. b. 2/7 | MS. Heb. b. 2/8 | MS. Heb. b. 2/9 | MS. Heb. b. 2/10 | MS. Heb. b. 2/11 | MS. Heb. b. 2/12 | MS. Heb. b. 2/13 | MS. Heb. b. 2/14 | MS. Heb. b. 2/15,https://hebrew.bodleian.ox.ac.uk/catalog/volume_14
15,MS. Heb. b. 3,MS. Heb. b. 3/1 | MS. Heb. b. 3/2 | MS. Heb. b. 3/3 | MS. Heb. b. 3/4 | MS. Heb. b. 3/5 | MS. Heb. b. 3/6 | MS. Heb. b. 3/7 | MS. Heb. b. 3/8 | MS. Heb. b. 3/9 | MS. Heb. b. 3/10 | MS. Heb. b. 3/11 | MS. Heb. b. 3/12 | MS. Heb. b. 3/13 | MS. Heb. b. 3/14 | MS. Heb. b. 3/15 | MS. Heb. b. 3/16 | MS. Heb. b. 3/17 | MS. Heb. b. 3/18 | MS. Heb. b. 3/19 | MS. Heb. b. 3/20 | MS. Heb. b. 3/21 | MS. Heb. b. 3/22 | MS. Heb. b. 3/23 | MS. Heb. b. 3/24 | MS. Heb. b. 3/25 | MS. Heb. b. 3/26 | MS. Heb. b. 3/27 | MS. Heb. b. 3/28 | MS. Heb. b. 3/29 | MS. Heb. b. 3/30 | MS. Heb. b. 3/31 | MS. Heb. b. 3/32 | MS. Heb. b. 3/33 | MS. Heb. b. 3/34,https://hebrew.bodleian.ox.ac.uk/catalog/volume_15
16,MS. Heb. b. 4,MS. Heb. b. 4/1 | MS. Heb. b. 4/2 | MS. Heb. b. 4/3 | MS. Heb. b. 4/4 | MS. Heb. b. 4/5 | MS. Heb. b. 4/6 | MS. Heb. b. 4/7 | MS. Heb. b. 4/8 | MS. Heb. b. 4/9 | MS. Heb. b. 4/10 | MS. Heb. b. 4/11 | MS. Heb. b. 4/12 | MS. Heb. b. 4/13 | MS. Heb. b. 4/14 | MS. Heb. b. 4/15 | MS. Heb. b. 4/16 | MS. Heb. b. 4/17 | MS. Heb. b. 4/18 | MS. Heb. b. 4/19,https://hebrew.bodleian.ox.ac.uk/catalog/volume_16
17,MS. Heb. b. 5,MS. Heb. b. 5/1 | MS. Heb. b. 5/2 | MS. Heb. b. 5/3 | MS. Heb. b. 5/4 | MS. Heb. b. 5/5 | MS. Heb. b. 5/6 | MS. Heb. b. 5/7 | MS. Heb. b. 5/8 | MS. Heb. b. 5/9 | MS. Heb. b. 5/10 | MS. Heb. b. 5/11 | MS. Heb. b. 5/12 | MS. Heb. b. 5/13 | MS. Heb. b. 5/14 | MS. Heb. b. 5/15 | MS. Heb. b. 5/16 | MS. Heb. b. 5/17 | MS. Heb. b. 5/18 | MS. Heb. b. 5/19,https://hebrew.bodleian.ox.ac.uk/catalog/volume_17
18,MS. Heb. b. 7,MS. Heb. b. 7/1 | MS. Heb. b. 7/2 | MS. Heb. b. 7/3 | MS. Heb. b. 7/4 | MS. Heb. b. 7/5 | MS. Heb. b. 7/6 | MS. Heb. b. 7/7 | MS. Heb. b. 7/8 | MS. Heb. b. 7/9 | MS. Heb. b. 7/10 | MS. Heb. b. 7/11 | MS. Heb. b. 7/12 | MS. Heb. b. 7/13 | MS. Heb. b. 7/14 | MS. Heb. b. 7/15 | MS. Heb. b. 7/16 | MS. Heb. b. 7/17 | MS. Heb. b. 7/18 | MS. Heb. b. 7/19 | MS. Heb. b. 7/20 | MS. Heb. b. 7/21 | MS. Heb. b. 7/22 | MS. Heb. b. 7/23 | MS. Heb. b. 7/24 | MS. Heb. b. 7/25 | MS. Heb. b. 7/26 | MS. Heb. b. 7/27 | MS. Heb. b. 7/28 | MS. Heb. b. 7/29 | MS. Heb. b. 7/30 | MS. Heb. b. 7/31 | MS. Heb. b. 7/32 | MS. Heb. b. 7/33 | MS. Heb. b. 7/34,https://hebrew.bodleian.ox.ac.uk/catalog/volume_18
19,MS. Heb. b. 8,MS. Heb. b. 8/1 | MS. Heb. b. 8/2 | MS. Heb. b. 8/3 | MS. Heb. b. 8/4 | MS. Heb. b. 8/5 | MS. Heb. b. 8/6 | MS. Heb. b. 8/7 | MS. Heb. b. 8/8 | MS. Heb. b. 8/9 | MS. Heb. b. 8/10 | MS. Heb. b. 8/11 | MS. Heb. b. 8/12 | MS. Heb. b. 8/13 | MS. Heb. b. 8/14 | MS. Heb. b. 8/15 | MS. Heb. b. 8/16 | MS. Heb. b. 8/17 | MS. Heb. b. 8/18 | MS. Heb. b. 8/19 | MS. Heb. b. 8/20 | MS. Heb. b. 8/21 | MS. Heb. b. 8/22 | MS. Heb. b. 8/23 | MS. Heb. b. 8/24 | MS. Heb. b. 8/25 | MS. Heb. b. 8/26 | MS. Heb. b. 8/27 | MS. Heb. b. 8/28 | MS. Heb. b. 8/29 | MS. Heb. b. 8/30 | MS. Heb. b. 8/31 | MS. Heb. b. 8/32 | MS. Heb. b. 8/33 | MS. Heb. b. 8/34 | MS. Heb. b. 8/35 | MS. Heb. b. 8/36 | MS. Heb. b. 8/37 | MS. Heb. b. 8/38,https://hebrew.bodleian.ox.ac.uk/catalog/volume_19
20,MS. Heb. b. 9,MS. Heb. b. 9/1 | MS. Heb. b. 9/2 | MS. Heb. b. 9/3 | MS. Heb. b. 9/4 | MS. Heb. b. 9/5 | MS. Heb. b. 9/6 | MS. Heb. b. 9/7 | MS. Heb. b. 9/8 | MS. Heb. b. 9/9 | MS. Heb. b. 9/10 | MS. Heb. b. 9/11 | MS. Heb. b. 9/12 | MS. Heb. b. 9/13 | MS. Heb. b. 9/14 | MS. Heb. b. 9/15 | MS. Heb. b. 9/16 | MS. Heb. b. 9/17 | MS. Heb. b. 9/18 | MS. Heb. b. 9/19 | MS. Heb. b. 9/20 | MS. Heb. b. 9/21 | MS. Heb. b. 9/22 | MS. Heb. b. 9/23 | MS. Heb. b. 9/24 | MS. Heb. b. 9/25 | MS. Heb. b. 9/26 | MS. Heb. b. 9/27,https://hebrew.bodleian.ox.ac.uk/catalog/volume_20
21,MS. Heb. c. 1,MS. Heb. c. 1/1 | MS. Heb. c. 1/2 | MS. Heb. c. 1/3 | MS. Heb. c. 1/4 | MS. Heb. c. 1/5 | MS. Heb. c. 1/6 | MS. Heb. c. 1/7 | MS. Heb. c. 1/8 | MS. Heb. c. 1/9 | MS. Heb. c. 1/10 | MS. Heb. c. 1/11 | MS. Heb. c. 1/12 | MS. Heb. c. 1/13 | MS. Heb. c. 1/14 | MS. Heb. c. 1/15 | MS. Heb. c. 1/16 | MS. Heb. c. 1/17 | MS. Heb. c. 1/18,https://hebrew.bodleian.ox.ac.uk/catalog/volume_21
22,MS. Heb. c. 10,MS. Heb. c. 10/1 | MS. Heb. c. 10/2 | MS. Heb. c. 10/3 | MS. Heb. c. 10/4 | MS. Heb. c. 10/5 | MS. Heb. c. 10/6 | MS. Heb. c. 10/7,https://hebrew.bodleian.ox.ac.uk/catalog/volume_22
23,MS. Heb. c. 11,Single Part,https://hebrew.bodleian.ox.ac.uk/catalog/volume_23
24,MS. Heb. c. 12,MS. Heb. c. 12/A | MS. Heb. c. 12/B | MS. Heb. c. 12/C | MS. Heb. c. 12/D | MS. Heb. c. 12/E,https://hebrew.bodleian.ox.ac.uk/catalog/volume_24
25,MS. Heb. c. 13,"MS. Heb. c. 13/1 | MS. Heb. c. 13/2 | MS. Heb. c. 13/3 | MS. Heb. c. 13/4 | MS. Heb. c. 13/5 | MS. Heb. c. 13/6 | MS. Heb. c. 13/7 | MS. Heb. c. 13/8 | MS. Heb. c. 13/9 | MS. Heb. c. 13/10 | MS. Heb. c. 13/11 | MS. Heb. c. 13/12 | MS. Heb. c. 13/13 | MS. Heb. c. 13/14 | MS. Heb. c. 13/15 | MS. Heb. c. 13/16 | MS. Heb. c. 13/17a,b | MS. Heb. c. 13/17c,d | MS. Heb. c. 13/18 | MS. Heb. c. 13/19 | MS. Heb. c. 13/20",https://hebrew.bodleian.ox.ac.uk/catalog/volume_25
26,MS. Heb. c. 14 (R),Single Part,https://hebrew.bodleian.ox.ac.uk/catalog/volume_26
27,MS. Heb. c. 16,MS. Heb. c. 16/1 | MS. Heb. c. 16/2 | MS. Heb. c. 16/3 | MS. Heb. c. 16/4 | MS. Heb. c. 16/5 | MS. Heb. c. 16/6 | MS. Heb. c. 16/7 | MS. Heb. c. 16/8 | MS. Heb. c. 16/9 | MS. Heb. c. 16/10 | MS. Heb. c. 16/11 | MS. Heb. c. 16/12 | MS. Heb. c. 16/13 | MS. Heb. c. 16/14 | MS. Heb. c. 16/15 | MS. Heb. c. 16/16 | MS. Heb. c. 16/17 | MS. Heb. c. 16/18 | MS. Heb. c. 16/19 | MS. Heb. c. 16/20 | MS. Heb. c. 16/21 | MS. Heb. c. 16/22 | MS. Heb. c. 16/23 | MS. Heb. c. 16/24 | MS. Heb. c. 16/25 | MS. Heb. c. 16/26 | MS. Heb. c. 16/27 | MS. Heb. c. 16/28,https://hebrew.bodleian.ox.ac.uk/catalog/volume_27
28,MS. Heb. c. 17,MS. Heb. c. 17/1 | MS. Heb. c. 17/2 | MS. Heb. c. 17/3 | MS. Heb. c. 17/4 | MS. Heb. c. 17/5 | MS. Heb. c. 17/6 | MS. Heb. c. 17/7 | MS. Heb. c. 17/8 | MS. Heb. c. 17/9 | MS. Heb. c. 17/10 | MS. Heb. c. 17/11 | MS. Heb. c. 17/12 | MS. Heb. c. 17/13 | MS. Heb. c. 17/14 | MS. Heb. c. 17/15 | MS. Heb. c. 17/16 | MS. Heb. c. 17/17 | MS. Heb. c. 17/18 | MS. Heb. c. 17/19 | MS. Heb. c. 17/20 | MS. Heb. c. 17/21 | MS. Heb. c. 17/22 | MS. Heb. c. 17/23 | MS. Heb. c. 17/24 | MS. Heb. c. 17/25 | MS. Heb. c. 17/26 | MS. Heb. c. 17/27 | MS. Heb. c. 17/28 | MS. Heb. c. 17/29 | MS. Heb. c. 17/30 | MS. Heb. c. 17/31 | MS. Heb. c. 17/32 | MS. Heb. c. 17/33,https://hebrew.bodleian.ox.ac.uk/catalog/volume_28
29,MS. Heb. c. 18,MS. Heb. c. 18/1 | MS. Heb. c. 18/2 | MS. Heb. c. 18/3 | MS. Heb. c. 18/4 | MS. Heb. c. 18/5 | MS. Heb. c. 18/6 | MS. Heb. c. 18/7 | MS. Heb. c. 18/8 | MS. Heb. c. 18/9 | MS. Heb. c. 18/10 | MS. Heb. c. 18/11 | MS. Heb. c. 18/12 | MS. Heb. c. 18/13 | MS. Heb. c. 18/14 | MS. Heb. c. 18/15 | MS. Heb. c. 18/16 | MS. Heb. c. 18/17 | MS. Heb. c. 18/18 | MS. Heb. c. 18/19 | MS. Heb. c. 18/20 | MS. Heb. c. 18/21 | MS. Heb. c. 18/22 | MS. Heb. c. 18/23 | MS. Heb. c. 18/24,https://hebrew.bodleian.ox.ac.uk/catalog/volume_29
30,MS. Heb. c. 19,MS. Heb. c. 19/1 | MS. Heb. c. 19/2 | MS. Heb. c. 19/3 | MS. Heb. c. 19/4 | MS. Heb. c. 19/5 | MS. Heb. c. 19/6 | MS. Heb. c. 19/7 | MS. Heb. c. 19/8 | MS. Heb. c. 19/9 | MS. Heb. c. 19/10 | MS. Heb. c. 19/11 | MS. Heb. c. 19/12 | MS. Heb. c. 19/13 | MS. Heb. c. 19/14 | MS. Heb. c. 19/15 | MS. Heb. c. 19/16 | MS. Heb. c. 19/17 | MS. Heb. c. 19/18 | MS. Heb. c. 19/19 | MS. Heb. c. 19/20 | MS. Heb. c. 19/21 | MS. Heb. c. 19/22 | MS. Heb. c. 19/23 | MS. Heb. c. 19/24 | MS. Heb. c. 19/25 | MS. Heb. c. 19/26 | MS. Heb. c. 19/27 | MS. Heb. c. 19/28 | MS. Heb. c. 19/29 | MS. Heb. c. 19/30 | MS. Heb. c. 19/31 | MS. Heb. c. 19/32 | MS. Heb. c. 19/33,https://hebrew.bodleian.ox.ac.uk/catalog/volume_30
31,MS. Heb. c. 20,MS. Heb. c. 20/A | MS. Heb. c. 20/B | MS. Heb. c. 20/C | MS. Heb. c. 20/D | MS. Heb. c. 20/E | MS. Heb. c. 20/F | MS. Heb. c. 20/G | MS. Heb. c. 20/H | MS. Heb. c. 20/I | MS. Heb. c. 20/K | MS. Heb. c. 20/L | MS. Heb. c. 20/M | MS. Heb. c. 20/N | MS. Heb. c. 20/O | MS. Heb. c. 20/P | MS. Heb. c. 20/Q | MS. Heb. c. 20/R | MS. Heb. c. 20/S | MS. Heb. c. 20/T,https://hebrew.bodleian.ox.ac.uk/catalog/volume_31
32,MS. Heb. c. 21,MS. Heb. c. 21/1 | MS. Heb. c. 21/2 | MS. Heb. c. 21/3 | MS. Heb. c. 21/4 | MS. Heb. c. 21/5 | MS. Heb. c. 21/6 | MS. Heb. c. 21/7 | MS. Heb. c. 21/8 | MS. Heb. c. 21/9 | MS. Heb. c. 21/10 | MS. Heb. c. 21/11 | MS. Heb. c. 21/12 | MS. Heb. c. 21/13 | MS. Heb. c. 21/14 | MS. Heb. c. 21/15 | MS. Heb. c. 21/16,https://hebrew.bodleian.ox.ac.uk/catalog/volume_32
33,MS. Heb. c. 23,MS. Heb. c. 23/1 | MS. Heb. c. 23/2 | MS. Heb. c. 23/3 | MS. Heb. c. 23/4 | MS. Heb. c. 23/5 | MS. Heb. c. 23/6 | MS. Heb. c. 23/7 | MS. Heb. c. 23/8 | MS. Heb. c. 23/9 | MS. Heb. c. 23/10 | MS. Heb. c. 23/11 | MS. Heb. c. 23/12 | MS. Heb. c. 23/13 | MS. Heb. c. 23/14 | MS. Heb. c. 23/15 | MS. Heb. c. 23/16 | MS. Heb. c. 23/17 | MS. Heb. c. 23/18 | MS. Heb. c. 23/19 | MS. Heb. c. 23/20 | MS. Heb. c. 23/21 | MS. Heb. c. 23/22,https://hebrew.bodleian.ox.ac.uk/catalog/volume_33
34,MS. Heb. c. 26,MS. Heb. c. 26/1 | MS. Heb. c. 26/2 | MS. Heb. c. 26/3 | MS. Heb. c. 26/4 | MS. Heb. c. 26/5 | MS. Heb. c. 26/6 | MS. Heb. c. 26/7 | MS. Heb. c. 26/8 | MS. Heb. c. 26/9 | MS. Heb. c. 26/10 | MS. Heb. c. 26/11 | MS. Heb. c. 26/12 | MS. Heb. c. 26/13 | MS. Heb. c. 26/14 | MS. Heb. c. 26/15 | MS. Heb. c. 26/16 | MS. Heb. c. 26/17,https://hebrew.bodleian.ox.ac.uk/catalog/volume_34
35,MS. Heb. c. 27,MS. Heb. c. 27/1 | MS. Heb. c. 27/2 | MS. Heb. c. 27/3 | MS. Heb. c. 27/4 | MS. Heb. c. 27/5 | MS. Heb. c. 27/6 | MS. Heb. c. 27/7 | MS. Heb. c. 27/8 | MS. Heb. c. 27/9 | MS. Heb. c. 27/10 | MS. Heb. c. 27/11 | MS. Heb. c. 27/12 | MS. Heb. c. 27/13 | MS. Heb. c. 27/14 | MS. Heb. c. 27/15 | MS. Heb. c. 27/16 | MS. Heb. c. 27/17 | MS. Heb. c. 27/18 | MS. Heb. c. 27/19 | MS. Heb. c. 27/20 | MS. Heb. c. 27/21 | MS. Heb. c. 27/22 | MS. Heb. c. 27/23 | MS. Heb. c. 27/24 | MS. Heb. c. 27/25 | MS. Heb. c. 27/26 | MS. Heb. c. 27/27 | MS. Heb. c. 27/28 | MS. Heb. c. 27/29 | MS. Heb. c. 27/30 | MS. Heb. c. 27/31 | MS. Heb. c. 27/32 | MS. Heb. c. 27/33 | MS. Heb. c. 27/34 | MS. Heb. c. 27/35 | MS. Heb. c. 27/36 | MS. Heb. c. 27/37 | MS. Heb. c. 27/38 | MS. Heb. c. 27/39 | MS. Heb. c. 27/40 | MS. Heb. c. 27/41 | MS. Heb. c. 27/42 | MS. Heb. c. 27/43 | MS. Heb. c. 27/44 | MS. Heb. c. 27/45 | MS. Heb. c. 27/46 | MS. Heb. c. 27/47 | MS. Heb. c. 27/48 | MS. Heb. c. 27/49 | MS. Heb. c. 27/50,https://hebrew.bodleian.ox.ac.uk/catalog/volume_35
36,MS. Heb. c. 28,"MS. Heb. c. 28/1 | MS. Heb. c. 28/2 | MS. Heb. c. 28/3 | MS. Heb. c. 28/4 | MS. Heb. c. 28/5 | MS. Heb. c. 28/6 | MS. Heb. c. 28/7 | MS. Heb. c. 28/8 | MS. Heb. c. 28/9 | MS. Heb. c. 28/10 | MS. Heb. c. 28/11 | MS. Heb. c. 28/12 | MS. Heb. c. 28/13 | MS. Heb. c. 28/14 | MS. Heb. c. 28/15 | MS. Heb. c. 28/16 | MS. Heb. c. 28/17 | MS. Heb. c. 28/18 | MS. Heb. c. 28/19 | MS. Heb. c. 28/20 | MS. Heb. c. 28/21 | MS. Heb. c. 28/22 | MS. Heb. c. 28/23 | MS. Heb. c. 28/24 | MS. Heb. c. 28/25 | MS. Heb. c. 28/26 | MS. Heb. c. 28/27 | MS. Heb. c. 28/28 | MS. Heb. c. 28/29 | MS. Heb. c. 28/30 | MS. Heb. c. 28/31 | MS. Heb. c. 28/32 | MS. Heb. c. 28/33 | MS. Heb. c. 28/34 | MS. Heb. c. 28/35 | MS. Heb. c. 28/36 | MS. Heb. c. 28/37 | MS. Heb. c. 28/38 | MS. Heb. c. 28/39 | MS. Heb. c. 28/40 | MS. Heb. c. 28/41 | MS. Heb. c. 28/42 | MS. Heb. c. 28/43 | MS. Heb. c. 28/44 | MS. Heb. c. 28/45,46 | MS. Heb. c. 28/47 | MS. Heb. c. 28/48 | MS. Heb. c. 28/49 | MS. Heb. c. 28/50 | MS. Heb. c. 28/51 | MS. Heb. c. 28/52 | MS. Heb. c. 28/53 | MS. Heb. c. 28/54 | MS. Heb. c. 28/55 | MS. Heb. c. 28/56 | MS. Heb. c. 28/57 | MS. Heb. c. 28/58 | MS. Heb. c. 28/59 | MS. Heb. c. 28/60 | MS. Heb. c. 28/61 | MS. Heb. c. 28/62 | MS. Heb. c. 28/63 | MS. Heb. c. 28/64 | MS. Heb. c. 28/65 | MS. Heb. c. 28/66 | MS. Heb. c. 28/67 | MS. Heb. c. 28/68 | MS. Heb. c. 28/69 | MS. Heb. c. 28/70",https://hebrew.bodleian.ox.ac.uk/catalog/volume_36
37,MS. Heb. c. 50,MS. Heb. c. 50/1 | MS. Heb. c. 50/2 | MS. Heb. c. 50/3 | MS. Heb. c. 50/4 | MS. Heb. c. 50/5 | MS. Heb. c. 50/6 | MS. Heb. c. 50/7 | MS. Heb. c. 50/8 | MS. Heb. c. 50/9 | MS. Heb. c. 50/10 | MS. Heb. c. 50/11 | MS. Heb. c. 50/12 | MS. Heb. c. 50/13 | MS. Heb. c. 50/14 | MS. Heb. c. 50/15 | MS. Heb. c. 50/16 | MS. Heb. c. 50/17 | MS. Heb. c. 50/18 | MS. Heb. c. 50/19 | MS. Heb. c. 50/20 | MS. Heb. c. 50/21 | MS. Heb. c. 50/22 | MS. Heb. c. 50/23,https://hebrew.bodleian.ox.ac.uk/catalog/volume_37
38,MS. Heb. c. 51,MS. Heb. c. 51/1 | MS. Heb. c. 51/2 | MS. Heb. c. 51/3 | MS. Heb. c. 51/4 | MS. Heb. c. 51/5 | MS. Heb. c. 51/6 | MS. Heb. c. 51/7 | MS. Heb. c. 51/8 | MS. Heb. c. 51/9 | MS. Heb. c. 51/10 | MS. Heb. c. 51/11 | MS. Heb. c. 51/12 | MS. Heb. c. 51/13 | MS. Heb. c. 51/14 | MS. Heb. c. 51/15,https://hebrew.bodleian.ox.ac.uk/catalog/volume_38
39,MS. Heb. c. 52,MS. Heb. c. 52/1 | MS. Heb. c. 52/2 | MS. Heb. c. 52/3 | MS. Heb. c. 52/4 | MS. Heb. c. 52/5 | MS. Heb. c. 52/6 | MS. Heb. c. 52/7 | MS. Heb. c. 52/8 | MS. Heb. c. 52/9 | MS. Heb. c. 52/10 | MS. Heb. c. 52/11 | MS. Heb. c. 52/12 | MS. Heb. c. 52/13 | MS. Heb. c. 52/14 | MS. Heb. c. 52/15 | MS. Heb. c. 52/16 | MS. Heb. c. 52/17 | MS. Heb. c. 52/18 | MS. Heb. c. 52/19 | MS. Heb. c. 52/20 | MS. Heb. c. 52/21 | MS. Heb. c. 52/22 | MS. Heb. c. 52/23 | MS. Heb. c. 52/24,https://hebrew.bodleian.ox.ac.uk/catalog/volume_39
40,MS. Heb. c. 53,MS. Heb. c. 53/1 | MS. Heb. c. 53/2 | MS. Heb. c. 53/3 | MS. Heb. c. 53/4 | MS. Heb. c. 53/5 | MS. Heb. c. 53/6 | MS. Heb. c. 53/7 | MS. Heb. c. 53/8 | MS. Heb. c. 53/9 | MS. Heb. c. 53/10 | MS. Heb. c. 53/11 | MS. Heb. c. 53/12 | MS. Heb. c. 53/13,https://hebrew.bodleian.ox.ac.uk/catalog/volume_40
41,MS. Heb. c. 54,MS. Heb. c. 54/1 | MS. Heb. c. 54/2 | MS. Heb. c. 54/3 | MS. Heb. c. 54/4 | MS. Heb. c. 54/5 | MS. Heb. c. 54/6 | MS. Heb. c. 54/7 | MS. Heb. c. 54/8 | MS. Heb. c. 54/9 | MS. Heb. c. 54/10 | MS. Heb. c. 54/11,https://hebrew.bodleian.ox.ac.uk/catalog/volume_41
42,MS. Heb. c. 55,MS. Heb. c. 55/1 | MS. Heb. c. 55/2 | MS. Heb. c. 55/3 | MS. Heb. c. 55/4 | MS. Heb. c. 55/5 | MS. Heb. c. 55/6 | MS. Heb. c. 55/7 | MS. Heb. c. 55/8 | MS. Heb. c. 55/9 | MS. Heb. c. 55/10,https://hebrew.bodleian.ox.ac.uk/catalog/volume_42
43,MS. Heb. c. 56,MS. Heb. c. 56/1 | MS. Heb. c. 56/2 | MS. Heb. c. 56/3 | MS. Heb. c. 56/4 | MS. Heb. c. 56/5 | MS. Heb. c. 56/6 | MS. Heb. c. 56/7 | MS. Heb. c. 56/8 | MS. Heb. c. 56/9 | MS. Heb. c. 56/10 | MS. Heb. c. 56/11 | MS. Heb. c. 56/12 | MS. Heb. c. 56/13,https://hebrew.bodleian.ox.ac.uk/catalog/volume_43
44,MS. Heb. c. 8,MS. Heb. c. 8/1 | MS. Heb. c. 8/2 | MS. Heb. c. 8/3,https://hebrew.bodleian.ox.ac.uk/catalog/volume_44
45,MS. Heb. c. 9,Single Part,https://hebrew.bodleian.ox.ac.uk/catalog/volume_45
46,MS. Heb. d. 19,MS. Heb. d. 19/1 | MS. Heb. d. 19/2 | MS. Heb. d. 19/3 | MS. Heb. d. 19/4 | MS. Heb. d. 19/5 | MS. Heb. d. 19/6 | MS. Heb. d. 19/7 | MS. Heb. d. 19/8,https://hebrew.bodleian.ox.ac.uk/catalog/volume_46
47,MS. Heb. d. 20,MS. Heb. d. 20/1 | MS. Heb. d. 20/2,https://hebrew.bodleian.ox.ac.uk/catalog/volume_47
48,MS. Heb. d. 21,MS. Heb. d. 21/1 | MS. Heb. d. 21/2 | MS. Heb. d. 21/3 | MS. Heb. d. 21/4 | MS. Heb. d. 21/5 | MS. Heb. d. 21/6,https://hebrew.bodleian.ox.ac.uk/catalog/volume_48
49,MS. Heb. d. 22,MS. Heb. d. 22/1 | MS. Heb. d. 22/2 | MS. Heb. d. 22/3 | MS. Heb. d. 22/4,https://hebrew.bodleian.ox.ac.uk/catalog/volume_49
50,MS. Heb. d. 23,Single Part,https://hebrew.bodleian.ox.ac.uk/catalog/volume_50
51,MS. Heb. d. 24,Single Part,https://hebrew.bodleian.ox.ac.uk/catalog/volume_51
52,MS. Heb. d. 25,MS. Heb. d. 25/A | MS. Heb. d. 25/B | MS. Heb. d. 25/C | MS. Heb. d. 25/D | MS. Heb. d. 25/E | MS. Heb. d. 25/F | MS. Heb. d. 25/G | MS. Heb. d. 25/H | MS. Heb. d. 25/I,https://hebrew.bodleian.ox.ac.uk/catalog/volume_52
53,MS. Heb. d. 26,MS. Heb. d. 26/1 | MS. Heb. d. 26/2 | MS. Heb. d. 26/3 | MS. Heb. d. 26/4,https://hebrew.bodleian.ox.ac.uk/catalog/volume_53
54,MS. Heb. d. 27,MS. Heb. d. 27/1 | MS. Heb. d. 27/2 | MS. Heb. d. 27/3,https://hebrew.bodleian.ox.ac.uk/catalog/volume_54
55,MS. Heb. d. 28,MS. Heb. d. 28/1 | MS. Heb. d. 28/2 | MS. Heb. d. 28/3 | MS. Heb. d. 28/4 | MS. Heb. d. 28/5 | MS. Heb. d. 28/6 | MS. Heb. d. 28/7 | MS. Heb. d. 28/8 | MS. Heb. d. 28/9,https://hebrew.bodleian.ox.ac.uk/catalog/volume_55
56,MS. Heb. d. 29,MS. Heb. d. 29/1 | MS. Heb. d. 29/2 | MS. Heb. d. 29/3 | MS. Heb. d. 29/4 | MS. Heb. d. 29/5 | MS. Heb. d. 29/6 | MS. Heb. d. 29/7 | MS. Heb. d. 29/8 | MS. Heb. d. 29/9 | MS. Heb. d. 29/10 | MS. Heb. d. 29/11 | MS. Heb. d. 29/12 | MS. Heb. d. 29/13,https://hebrew.bodleian.ox.ac.uk/catalog/volume_56
57,MS. Heb. d. 31,MS. Heb. d. 31/1 | MS. Heb. d. 31/2 | MS. Heb. d. 31/3 | MS. Heb. d. 31/4 | MS. Heb. d. 31/5 | MS. Heb. d. 31/6 | MS. Heb. d. 31/7,https://hebrew.bodleian.ox.ac.uk/catalog/volume_57
58,MS. Heb. d. 32,MS. Heb. d. 32/A | MS. Heb. d. 32/B | MS. Heb. d. 32/C | MS. Heb. d. 32/D | MS. Heb. d. 32/E | MS. Heb. d. 32/F | MS. Heb. d. 32/G.1 | MS. Heb. d. 32/G.2 | MS. Heb. d. 32/G.3 | MS. Heb. d. 32/G.4 | MS. Heb. d. 32/G.5,https://hebrew.bodleian.ox.ac.uk/catalog/volume_58
59,MS. Heb. d. 33,MS. Heb. d. 33/1 | MS. Heb. d. 33/2 | MS. Heb. d. 33/3 | MS. Heb. d. 33/4 | MS. Heb. d. 33/5 | MS. Heb. d. 33/6 | MS. Heb. d. 33/7 | MS. Heb. d. 33/8 | MS. Heb. d. 33/9 | MS. Heb. d. 33/10 | MS. Heb. d. 33/11 | MS. Heb. d. 33/12 | MS. Heb. d. 33/13 | MS. Heb. d. 33/14 | MS. Heb. d. 33/15 | MS. Heb. d. 33/16 | MS. Heb. d. 33/17 | MS. Heb. d. 33/18 | MS. Heb. d. 33/19 | MS. Heb. d. 33/20 | MS. Heb. d. 33/21 | MS. Heb. d. 33/22,https://hebrew.bodleian.ox.ac.uk/catalog/volume_59
60,MS. Heb. d. 34,MS. Heb. d. 34/1 | MS. Heb. d. 34/2 | MS. Heb. d. 34/3 | MS. Heb. d. 34/4 | MS. Heb. d. 34/5 | MS. Heb. d. 34/6 | MS. Heb. d. 34/7 | MS. Heb. d. 34/8 | MS. Heb. d. 34/9 | MS. Heb. d. 34/10 | MS. Heb. d. 34/11 | MS. Heb. d. 34/12 | MS. Heb. d. 34/13 | MS. Heb. d. 34/14 | MS. Heb. d. 34/15 | MS. Heb. d. 34/16 | MS. Heb. d. 34/17 | MS. Heb. d. 34/18 | MS. Heb. d. 34/19 | MS. Heb. d. 34/20 | MS. Heb. d. 34/21 | MS. Heb. d. 34/22 | MS. Heb. d. 34/23 | MS. Heb. d. 34/24 | MS. Heb. d. 34/25 | MS. Heb. d. 34/26 | MS. Heb. d. 34/27 | MS. Heb. d. 34/28,https://hebrew.bodleian.ox.ac.uk/catalog/volume_60
61,MS. Heb. d. 35,MS. Heb. d. 35/1 | MS. Heb. d. 35/2 | MS. Heb. d. 35/3 | MS. Heb. d. 35/4 | MS. Heb. d. 35/5 | MS. Heb. d. 35/6 | MS. Heb. d. 35/7 | MS. Heb. d. 35/8 | MS. Heb. d. 35/9 | MS. Heb. d. 35/10 | MS. Heb. d. 35/11,https://hebrew.bodleian.ox.ac.uk/catalog/volume_61
62,MS. Heb. d. 36,MS. Heb. d. 36/1 | MS. Heb. d. 36/2 | MS. Heb. d. 36/3 | MS. Heb. d. 36/4 | MS. Heb. d. 36/5 | MS. Heb. d. 36/6 | MS. Heb. d. 36/7 | MS. Heb. d. 36/8 | MS. Heb. d. 36/9 | MS. Heb. d. 36/10 | MS. Heb. d. 36/11 | MS. Heb. d. 36/12 | MS. Heb. d. 36/13 | MS. Heb. d. 36/14 | MS. Heb. d. 36/15,https://hebrew.bodleian.ox.ac.uk/catalog/volume_62
63,MS. Heb. d. 37,MS. Heb. d. 37/1 | MS. Heb. d. 37/2 | MS. Heb. d. 37/3 | MS. Heb. d. 37/4 | MS. Heb. d. 37/5 | MS. Heb. d. 37/6 | MS. Heb. d. 37/7 | MS. Heb. d. 37/8 | MS. Heb. d. 37/9 | MS. Heb. d. 37/10 | MS. Heb. d. 37/11 | MS. Heb. d. 37/12 | MS. Heb. d. 37/13 | MS. Heb. d. 37/14 | MS. Heb. d. 37/15 | MS. Heb. d. 37/16 | MS. Heb. d. 37/17 | MS. Heb. d. 37/18 | MS. Heb. d. 37/19.A | MS. Heb. d. 37/19.B | MS. Heb. d. 37/19.C | MS. Heb. d. 37/19.D | MS. Heb. d. 37/20 | MS. Heb. d. 37/21,https://hebrew.bodleian.ox.ac.uk/catalog/volume_63
64,MS. Heb. d. 38,Single Part,https://hebrew.bodleian.ox.ac.uk/catalog/volume_64
65,MS. Heb. d. 39,MS. Heb. d. 39/1 | MS. Heb. d. 39/2 | MS. Heb. d. 39/3 | MS. Heb. d. 39/4 | MS. Heb. d. 39/5 | MS. Heb. d. 39/6 | MS. Heb. d. 39/7 | MS. Heb. d. 39/8 | MS. Heb. d. 39/9 | MS. Heb. d. 39/10 | MS. Heb. d. 39/11 | MS. Heb. d. 39/12 | MS. Heb. d. 39/13 | MS. Heb. d. 39/14 | MS. Heb. d. 39/15 | MS. Heb. d. 39/16 | MS. Heb. d. 39/17 | MS. Heb. d. 39/18,https://hebrew.bodleian.ox.ac.uk/catalog/volume_65
66,MS. Heb. d. 41,MS. Heb. d. 41/1 | MS. Heb. d. 41/2 | MS. Heb. d. 41/3 | MS. Heb. d. 41/4 | MS. Heb. d. 41/5 | MS. Heb. d. 41/6 | MS. Heb. d. 41/7 | MS. Heb. d. 41/8 | MS. Heb. d. 41/9 | MS. Heb. d. 41/10 | MS. Heb. d. 41/11 | MS. Heb. d. 41/12 | MS. Heb. d. 41/13 | MS. Heb. d. 41/14 | MS. Heb. d. 41/15 | MS. Heb. d. 41/16 | MS. Heb. d. 41/17,https://hebrew.bodleian.ox.ac.uk/catalog/volume_66
67,MS. Heb. d. 42,MS. Heb. d. 42/1 | MS. Heb. d. 42/2 | MS. Heb. d. 42/3 | MS. Heb. d. 42/4 | MS. Heb. d. 42/5 | MS. Heb. d. 42/6 | MS. Heb. d. 42/7 | MS. Heb. d. 42/8 | MS. Heb. d. 42/9 | MS. Heb. d. 42/10 | MS. Heb. d. 42/11 | MS. Heb. d. 42/12 | MS. Heb. d. 42/13 | MS. Heb. d. 42/14 | MS. Heb. d. 42/15 | MS. Heb. d. 42/16,https://hebrew.bodleian.ox.ac.uk/catalog/volume_67
68,MS. Heb. d. 43,MS. Heb. d. 43/1 | MS. Heb. d. 43/2 | MS. Heb. d. 43/3 | MS. Heb. d. 43/4 | MS. Heb. d. 43/5 | MS. Heb. d. 43/6 | MS. Heb. d. 43/7 | MS. Heb. d. 43/8 | MS. Heb. d. 43/9 | MS. Heb. d. 43/10 | MS. Heb. d. 43/11 | MS. Heb. d. 43/12 | MS. Heb. d. 43/13 | MS. Heb. d. 43/14 | MS. Heb. d. 43/15 | MS. Heb. d. 43/16 | MS. Heb. d. 43/17 | MS. Heb. d. 43/18 | MS. Heb. d. 43/19 | MS. Heb. d. 43/20,https://hebrew.bodleian.ox.ac.uk/catalog/volume_68
69,MS. Heb. d. 44,MS. Heb. d. 44/1 | MS. Heb. d. 44/2 | MS. Heb. d. 44/3 | MS. Heb. d. 44/4 | MS. Heb. d. 44/5 | MS. Heb. d. 44/6 | MS. Heb. d. 44/7 | MS. Heb. d. 44/8 | MS. Heb. d. 44/9 | MS. Heb. d. 44/10 | MS. Heb. d. 44/11 | MS. Heb. d. 44/12 | MS. Heb. d. 44/13 | MS. Heb. d. 44/14 | MS. Heb. d. 44/15 | MS. Heb. d. 44/16 | MS. Heb. d. 44/17 | MS. Heb. d. 44/18,https://hebrew.bodleian.ox.ac.uk/catalog/volume_69
70,MS. Heb. d. 45,MS. Heb. d. 45/1 | MS. Heb. d. 45/2 | MS. Heb. d. 45/3 | MS. Heb. d. 45/4 | MS. Heb. d. 45/5 | MS. Heb. d. 45/6 | MS. Heb. d. 45/7 | MS. Heb. d. 45/8 | MS. Heb. d. 45/9 | MS. Heb. d. 45/10 | MS. Heb. d. 45/11 | MS. Heb. d. 45/12 | MS. Heb. d. 45/13 | MS. Heb. d. 45/14 | MS. Heb. d. 45/15 | MS. Heb. d. 45/16 | MS. Heb. d. 45/17 | MS. Heb. d. 45/18 | MS. Heb. d. 45/19 | MS. Heb. d. 45/20 | MS. Heb. d. 45/21 | MS. Heb. d. 45/22,https://hebrew.bodleian.ox.ac.uk/catalog/volume_70
71,MS. Heb. d. 46,MS. Heb. d. 46/1 | MS. Heb. d. 46/2 | MS. Heb. d. 46/3 | MS. Heb. d. 46/4 | MS. Heb. d. 46/5 | MS. Heb. d. 46/6 | MS. Heb. d. 46/7 | MS. Heb. d. 46/8 | MS. Heb. d. 46/9 | MS. Heb. d. 46/10 | MS. Heb. d. 46/11 | MS. Heb. d. 46/12 | MS. Heb. d. 46/13 | MS. Heb. d. 46/14 | MS. Heb. d. 46/15 | MS. Heb. d. 46/16 | MS. Heb. d. 46/17 | MS. Heb. d. 46/18 | MS. Heb. d. 46/19 | MS. Heb. d. 46/20 | MS. Heb. d. 46/21 | MS. Heb. d. 46/22 | MS. Heb. d. 46/23 | MS. Heb. d. 46/24 | MS. Heb. d. 46/25 | MS. Heb. d. 46/26 | MS. Heb. d. 46/27 | MS. Heb. d. 46/28,https://hebrew.bodleian.ox.ac.uk/catalog/volume_71
72,MS. Heb. d. 47,MS. Heb. d. 47/1 | MS. Heb. d. 47/2 | MS. Heb. d. 47/3 | MS. Heb. d. 47/4 | MS. Heb. d. 47/5 | MS. Heb. d. 47/6 | MS. Heb. d. 47/7 | MS. Heb. d. 47/8 | MS. Heb. d. 47/9 | MS. Heb. d. 47/10 | MS. Heb. d. 47/11 | MS. Heb. d. 47/12 | MS. Heb. d. 47/13 | MS. Heb. d. 47/14 | MS. Heb. d. 47/15 | MS. Heb. d. 47/16 | MS. Heb. d. 47/17 | MS. Heb. d. 47/18 | MS. Heb. d. 47/19 | MS. Heb. d. 47/20 | MS. Heb. d. 47/21 | MS. Heb. d. 47/22 | MS. Heb. d. 47/23 | MS. Heb. d. 47/24 | MS. Heb. d. 47/25 | MS. Heb. d. 47/26 | MS. Heb. d. 47/27,https://hebrew.bodleian.ox.ac.uk/catalog/volume_72
73,MS. Heb. d. 48,MS. Heb. d. 48/1 | MS. Heb. d. 48/2 | MS. Heb. d. 48/3 | MS. Heb. d. 48/4 | MS. Heb. d. 48/5 | MS. Heb. d. 48/6 | MS. Heb. d. 48/7 | MS. Heb. d. 48/8 | MS. Heb. d. 48/9 | MS. Heb. d. 48/10 | MS. Heb. d. 48/11 | MS. Heb. d. 48/12 | MS. Heb. d. 48/13 | MS. Heb. d. 48/14 | MS. Heb. d. 48/15 | MS. Heb. d. 48/16 | MS. Heb. d. 48/17,https://hebrew.bodleian.ox.ac.uk/catalog/volume_73
74,MS. Heb. d. 49,MS. Heb. d. 49/1 | MS. Heb. d. 49/2 | MS. Heb. d. 49/3 | MS. Heb. d. 49/4 | MS. Heb. d. 49/5 | MS. Heb. d. 49/6 | MS. Heb. d. 49/7 | MS. Heb. d. 49/8 | MS. Heb. d. 49/9 | MS. Heb. d. 49/10 | MS. Heb. d. 49/11 | MS. Heb. d. 49/12 | MS. Heb. d. 49/13 | MS. Heb. d. 49/14 | MS. Heb. d. 49/15 | MS. Heb. d. 49/16 | MS. Heb. d. 49/17 | MS. Heb. d. 49/18 | MS. Heb. d. 49/19 | MS. Heb. d. 49/20,https://hebrew.bodleian.ox.ac.uk/catalog/volume_74
75,MS. Heb. d. 50,MS. Heb. d. 50/1 | MS. Heb. d. 50/2 | MS. Heb. d. 50/3 | MS. Heb. d. 50/4 | MS. Heb. d. 50/5 | MS. Heb. d. 50/6 | MS. Heb. d. 50/7 | MS. Heb. d. 50/8 | MS. Heb. d. 50/9 | MS. Heb. d. 50/10 | MS. Heb. d. 50/11 | MS. Heb. d. 50/12 | MS. Heb. d. 50/13 | MS. Heb. d. 50/14 | MS. Heb. d. 50/15,https://hebrew.bodleian.ox.ac.uk/catalog/volume_75
76,MS. Heb. d. 51,MS. Heb. d. 51/1 | MS. Heb. d. 51/2 | MS. Heb. d. 51/3 | MS. Heb. d. 51/4 | MS. Heb. d. 51/5 | MS. Heb. d. 51/6 | MS. Heb. d. 51/7 | MS. Heb. d. 51/8 | MS. Heb. d. 51/9 | MS. Heb. d. 51/10 | MS. Heb. d. 51/11 | MS. Heb. d. 51/12 | MS. Heb. d. 51/13,https://hebrew.bodleian.ox.ac.uk/catalog/volume_76
77,MS. Heb. d. 54,MS. Heb. d. 54/1 | MS. Heb. d. 54/2 | MS. Heb. d. 54/3 | MS. Heb. d. 54/4 | MS. Heb. d. 54/5 | MS. Heb. d. 54/6 | MS. Heb. d. 54/7 | MS. Heb. d. 54/8 | MS. Heb. d. 54/9 | MS. Heb. d. 54/10 | MS. Heb. d. 54/11 | MS. Heb. d. 54/12 | MS. Heb. d. 54/13 | MS. Heb. d. 54/14 | MS. Heb. d. 54/15 | MS. Heb. d. 54/16 | MS. Heb. d. 54/17,https://hebrew.bodleian.ox.ac.uk/catalog/volume_77
78,MS. Heb. d. 55,MS. Heb. d. 55/1 | MS. Heb. d. 55/2 | MS. Heb. d. 55/3 | MS. Heb. d. 55/4 | MS. Heb. d. 55/5 | MS. Heb. d. 55/6 | MS. Heb. d. 55/7 | MS. Heb. d. 55/8 | MS. Heb. d. 55/9 | MS. Heb. d. 55/10 | MS. Heb. d. 55/11 | MS. Heb. d. 55/12 | MS. Heb. d. 55/13 | MS. Heb. d. 55/14 | MS. Heb. d. 55/15 | MS. Heb. d. 55/16 | MS. Heb. d. 55/17,https://hebrew.bodleian.ox.ac.uk/catalog/volume_78
79,MS. Heb. d. 56,MS. Heb. d. 56/1 | MS. Heb. d. 56/2 | MS. Heb. d. 56/3 | MS. Heb. d. 56/4 | MS. Heb. d. 56/5 | MS. Heb. d. 56/6 | MS. Heb. d. 56/7 | MS. Heb. d. 56/8 | MS. Heb. d. 56/9 | MS. Heb. d. 56/10 | MS. Heb. d. 56/11 | MS. Heb. d. 56/12 | MS. Heb. d. 56/13 | MS. Heb. d. 56/14,https://hebrew.bodleian.ox.ac.uk/catalog/volume_79
80,MS. Heb. d. 57,MS. Heb. d. 57/1 | MS. Heb. d. 57/2 | MS. Heb. d. 57/3 | MS. Heb. d. 57/4 | MS. Heb. d. 57/5 | MS. Heb. d. 57/6 | MS. Heb. d. 57/7 | MS. Heb. d. 57/8 | MS. Heb. d. 57/9 | MS. Heb. d. 57/10 | MS. Heb. d. 57/11 | MS. Heb. d. 57/12 | MS. Heb. d. 57/13 | MS. Heb. d. 57/14 | MS. Heb. d. 57/15 | MS. Heb. d. 57/16 | MS. Heb. d. 57/17 | MS. Heb. d. 57/18 | MS. Heb. d. 57/19 | MS. Heb. d. 57/20 | MS. Heb. d. 57/21 | MS. Heb. d. 57/22 | MS. Heb. d. 57/23 | MS. Heb. d. 57/24 | MS. Heb. d. 57/25 | MS. Heb. d. 57/26 | MS. Heb. d. 57/27,https://hebrew.bodleian.ox.ac.uk/catalog/volume_80
81,MS. Heb. d. 58,MS. Heb. d. 58/1 | MS. Heb. d. 58/2 | MS. Heb. d. 58/3 | MS. Heb. d. 58/4 | MS. Heb. d. 58/5 | MS. Heb. d. 58/6 | MS. Heb. d. 58/7 | MS. Heb. d. 58/8 | MS. Heb. d. 58/9 | MS. Heb. d. 58/10 | MS. Heb. d. 58/11 | MS. Heb. d. 58/12 | MS. Heb. d. 58/13 | MS. Heb. d. 58/14 | MS. Heb. d. 58/15 | MS. Heb. d. 58/16 | MS. Heb. d. 58/17 | MS. Heb. d. 58/18 | MS. Heb. d. 58/19 | MS. Heb. d. 58/20 | MS. Heb. d. 58/21 | MS. Heb. d. 58/22 | MS. Heb. d. 58/23 | MS. Heb. d. 58/24 | MS. Heb. d. 58/25 | MS. Heb. d. 58/26 | MS. Heb. d. 58/27 | MS. Heb. d. 58/28 | MS. Heb. d. 58/29 | MS. Heb. d. 58/30,https://hebrew.bodleian.ox.ac.uk/catalog/volume_81
82,MS. Heb. d. 59,MS. Heb. d. 59/1 | MS. Heb. d. 59/2 | MS. Heb. d. 59/3 | MS. Heb. d. 59/4 | MS. Heb. d. 59/5 | MS. Heb. d. 59/6 | MS. Heb. d. 59/7,https://hebrew.bodleian.ox.ac.uk/catalog/volume_82
83,MS. Heb. d. 60,MS. Heb. d. 60/1 | MS. Heb. d. 60/2 | MS. Heb. d. 60/3 | MS. Heb. d. 60/4 | MS. Heb. d. 60/5 | MS. Heb. d. 60/6 | MS. Heb. d. 60/7 | MS. Heb. d. 60/8 | MS. Heb. d. 60/9,https://hebrew.bodleian.ox.ac.uk/catalog/volume_83
84,MS. Heb. d. 61,MS. Heb. d. 61/1 | MS. Heb. d. 61/2 | MS. Heb. d. 61/3 | MS. Heb. d. 61/4 | MS. Heb. d. 61/5 | MS. Heb. d. 61/6 | MS. Heb. d. 61/7 | MS. Heb. d. 61/8 | MS. Heb. d. 61/9 | MS. Heb. d. 61/10 | MS. Heb. d. 61/11 | MS. Heb. d. 61/12 | MS. Heb. d. 61/13 | MS. Heb. d. 61/14 | MS. Heb. d. 61/15 | MS. Heb. d. 61/16 | MS. Heb. d. 61/17 | MS. Heb. d. 61/18 | MS. Heb. d. 61/19 | MS. Heb. d. 61/20 | MS. Heb. d. 61/21 | MS. Heb. d. 61/22 | MS. Heb. d. 61/23 | MS. Heb. d. 61/24 | MS. Heb. d. 61/25 | MS. Heb. d. 61/26 | MS. Heb. d. 61/27 | MS. Heb. d. 61/28 | MS. Heb. d. 61/29 | MS. Heb. d. 61/30 | MS. Heb. d. 61/31 | MS. Heb. d. 61/32 | MS. Heb. d. 61/33 | MS. Heb. d. 61/34 | MS. Heb. d. 61/35 | MS. Heb. d. 61/36 | MS. Heb. d. 61/37 | MS. Heb. d. 61/38 | MS. Heb. d. 61/39,https://hebrew.bodleian.ox.ac.uk/catalog/volume_84
85,MS. Heb. d. 62,MS. Heb. d. 62/1 | MS. Heb. d. 62/2 | MS. Heb. d. 62/3 | MS. Heb. d. 62/4 | MS. Heb. d. 62/5 | MS. Heb. d. 62/6 | MS. Heb. d. 62/7 | MS. Heb. d. 62/8 | MS. Heb. d. 62/9 | MS. Heb. d. 62/10 | MS. Heb. d. 62/11 | MS. Heb. d. 62/12 | MS. Heb. d. 62/13 | MS. Heb. d. 62/14 | MS. Heb. d. 62/15 | MS. Heb. d. 62/16 | MS. Heb. d. 62/17 | MS. Heb. d. 62/18 | MS. Heb. d. 62/19 | MS. Heb. d. 62/20 | MS. Heb. d. 62/21 | MS. Heb. d. 62/22 | MS. Heb. d. 62/23 | MS. Heb. d. 62/24 | MS. Heb. d. 62/25 | MS. Heb. d. 62/26 | MS. Heb. d. 62/27 | MS. Heb. d. 62/28 | MS. Heb. d. 62/29 | MS. Heb. d. 62/30 | MS. Heb. d. 62/31 | MS. Heb. d. 62/32 | MS. Heb. d. 62/33 | MS. Heb. d. 62/34 | MS. Heb. d. 62/35 | MS. Heb. d. 62/36 | MS. Heb. d. 62/37 | MS. Heb. d. 62/38 | MS. Heb. d. 62/39 | MS. Heb. d. 62/40 | MS. Heb. d. 62/41 | MS. Heb. d. 62/42 | MS. Heb. d. 62/43,https://hebrew.bodleian.ox.ac.uk/catalog/volume_85
86,MS. Heb. d. 63,MS. Heb. d. 63/1 | MS. Heb. d. 63/2 | MS. Heb. d. 63/3 | MS. Heb. d. 63/4 | MS. Heb. d. 63/5 | MS. Heb. d. 63/6 | MS. Heb. d. 63/7 | MS. Heb. d. 63/8 | MS. Heb. d. 63/9 | MS. Heb. d. 63/10 | MS. Heb. d. 63/11 | MS. Heb. d. 63/12 | MS. Heb. d. 63/13 | MS. Heb. d. 63/14 | MS. Heb. d. 63/15 | MS. Heb. d. 63/16 | MS. Heb. d. 63/17 | MS. Heb. d. 63/18 | MS. Heb. d. 63/19 | MS. Heb. d. 63/20 | MS. Heb. d. 63/21 | MS. Heb. d. 63/22 | MS. Heb. d. 63/23 | MS. Heb. d. 63/24 | MS. Heb. d. 63/25 | MS. Heb. d. 63/26 | MS. Heb. d. 63/27 | MS. Heb. d. 63/28 | MS. Heb. d. 63/29 | MS. Heb. d. 63/30 | MS. Heb. d. 63/31 | MS. Heb. d. 63/32 | MS. Heb. d. 63/33 | MS. Heb. d. 63/34 | MS. Heb. d. 63/35 | MS. Heb. d. 63/36 | MS. Heb. d. 63/37 | MS. Heb. d. 63/38 | MS. Heb. d. 63/39 | MS. Heb. d. 63/40 | MS. Heb. d. 63/41 | MS. Heb. d. 63/42 | MS. Heb. d. 63/43 | MS. Heb. d. 63/44 | MS. Heb. d. 63/45 | MS. Heb. d. 63/46 | MS. Heb. d. 63/47 | MS. Heb. d. 63/48 | MS. Heb. d. 63/49 | MS. Heb. d. 63/50 | MS. Heb. d. 63/51 | MS. Heb. d. 63/52 | MS. Heb. d. 63/53 | MS. Heb. d. 63/54 | MS. Heb. d. 63/55,https://hebrew.bodleian.ox.ac.uk/catalog/volume_86
87,MS. Heb. d. 64,MS. Heb. d. 64/1 | MS. Heb. d. 64/2 | MS. Heb. d. 64/3 | MS. Heb. d. 64/4 | MS. Heb. d. 64/5 | MS. Heb. d. 64/6 | MS. Heb. d. 64/7 | MS. Heb. d. 64/8 | MS. Heb. d. 64/9 | MS. Heb. d. 64/10 | MS. Heb. d. 64/11 | MS. Heb. d. 64/12 | MS. Heb. d. 64/13 | MS. Heb. d. 64/14 | MS. Heb. d. 64/15 | MS. Heb. d. 64/16 | MS. Heb. d. 64/17 | MS. Heb. d. 64/18 | MS. Heb. d. 64/19 | MS. Heb. d. 64/20 | MS. Heb. d. 64/21 | MS. Heb. d. 64/22 | MS. Heb. d. 64/23 | MS. Heb. d. 64/24 | MS. Heb. d. 64/25 | MS. Heb. d. 64/26 | MS. Heb. d. 64/27 | MS. Heb. d. 64/28 | MS. Heb. d. 64/29 | MS. Heb. d. 64/30 | MS. Heb. d. 64/31 | MS. Heb. d. 64/32 | MS. Heb. d. 64/33 | MS. Heb. d. 64/34 | MS. Heb. d. 64/35 | MS. Heb. d. 64/36,https://hebrew.bodleian.ox.ac.uk/catalog/volume_87
88,MS. Heb. d. 65,MS. Heb. d. 65/1 | MS. Heb. d. 65/2 | MS. Heb. d. 65/3 | MS. Heb. d. 65/4 | MS. Heb. d. 65/5 | MS. Heb. d. 65/6 | MS. Heb. d. 65/7 | MS. Heb. d. 65/8 | MS. Heb. d. 65/9 | MS. Heb. d. 65/10 | MS. Heb. d. 65/11 | MS. Heb. d. 65/12 | MS. Heb. d. 65/13 | MS. Heb. d. 65/14 | MS. Heb. d. 65/15 | MS. Heb. d. 65/16 | MS. Heb. d. 65/17 | MS. Heb. d. 65/18 | MS. Heb. d. 65/19 | MS. Heb. d. 65/20 | MS. Heb. d. 65/21 | MS. Heb. d. 65/22 | MS. Heb. d. 65/23 | MS. Heb. d. 65/24 | MS. Heb. d. 65/25 | MS. Heb. d. 65/26 | MS. Heb. d. 65/27 | MS. Heb. d. 65/28 | MS. Heb. d. 65/29 | MS. Heb. d. 65/30 | MS. Heb. d. 65/31 | MS. Heb. d. 65/32 | MS. Heb. d. 65/33 | MS. Heb. d. 65/34 | MS. Heb. d. 65/35 | MS. Heb. d. 65/36 | MS. Heb. d. 65/37 | MS. Heb. d. 65/38 | MS. Heb. d. 65/39 | MS. Heb. d. 65/40 | MS. Heb. d. 65/41 | MS. Heb. d. 65/42 | MS. Heb. d. 65/43 | MS. Heb. d. 65/44,https://hebrew.bodleian.ox.ac.uk/catalog/volume_88
89,MS. Heb. d. 66,"MS. Heb. d. 66/1 | MS. Heb. d. 66/2 | MS. Heb. d. 66/3 | MS. Heb. d. 66/4 | MS. Heb. d. 66/5 | MS. Heb. d. 66/6 | MS. Heb. d. 66/7 | MS. Heb. d. 66/8 | MS. Heb. d. 66/9 | MS. Heb. d. 66/10 | MS. Heb. d. 66/11 | MS. Heb. d. 66/12 | MS. Heb. d. 66/13 | MS. Heb. d. 66/14 | MS. Heb. d. 66/15 | MS. Heb. d. 66/16 | MS. Heb. d. 66/17 | MS. Heb. d. 66/18 | MS. Heb. d. 66/19 | MS. Heb. d. 66/20 | MS. Heb. d. 66/21 | MS. Heb. d. 66/22 | MS. Heb. d. 66/23 | MS. Heb. d. 66/24 | MS. Heb. d. 66/25 | MS. Heb. d. 66/26 | MS. Heb. d. 66/27 | MS. Heb. d. 66/28 | MS. Heb. d. 66/29 | MS. Heb. d. 66/30 | MS. Heb. d. 66/31 | MS. Heb. d. 66/32 | MS. Heb. d. 66/33 | MS. Heb. d. 66/34 | MS. Heb. d. 66/35 | MS. Heb. d. 66/36 | MS. Heb. d. 66/37 | MS. Heb. d. 66/38 | MS. Heb. d. 66/39 | MS. Heb. d. 66/40 | MS. Heb. d. 66/41 | MS. Heb. d. 66/42 | MS. Heb. d. 66/43 | MS. Heb. d. 66/44 | MS. Heb. d. 66/45 | MS. Heb. d. 66/46 | MS. Heb. d. 66/47 | MS. Heb. d. 66/48 | MS. Heb. d. 66/49 | MS. Heb. d. 66/50 | MS. Heb. d. 66/51 | MS. Heb. d. 66/52 | MS. Heb. d. 66/53 | MS. Heb. d. 66/54 | MS. Heb. d. 66/55 | MS. Heb. d. 66/56 | MS. Heb. d. 66/57 | MS. Heb. d. 66/58 | MS. Heb. d. 66/59 | MS. Heb. d. 66/60 | MS. Heb. d. 66/61 | MS. Heb. d. 66/62 | MS. Heb. d. 66/63 | MS. Heb. d. 66/64 | MS. Heb. d. 66/65 | MS. Heb. d. 66/66,67 | MS. Heb. d. 66/68 | MS. Heb. d. 66/69 | MS. Heb. d. 66/70 | MS. Heb. d. 66/71 | MS. Heb. d. 66/72 | MS. Heb. d. 66/73 | MS. Heb. d. 66/74 | MS. Heb. d. 66/75 | MS. Heb. d. 66/76 | MS. Heb. d. 66/77 | MS. Heb. d. 66/78 | MS. Heb. d. 66/79 | MS. Heb. d. 66/80 | MS. Heb. d. 66/81 | MS. Heb. d. 66/82 | MS. Heb. d. 66/83 | MS. Heb. d. 66/84 | MS. Heb. d. 66/85 | MS. Heb. d. 66/86 | MS. Heb. d. 66/87 | MS. Heb. d. 66/88 | MS. Heb. d. 66/89 | MS. Heb. d. 66/90 | MS. Heb. d. 66/91 | MS. Heb. d. 66/92 | MS. Heb. d. 66/93 | MS. Heb. d. 66/94 | MS. Heb. d. 66/95 | MS. Heb. d. 66/96 | MS. Heb. d. 66/97 | MS. Heb. d. 66/98 | MS. Heb. d. 66/99 | MS. Heb. d. 66/100,101 | MS. Heb. d. 66/102 | MS. Heb. d. 66/103 | MS. Heb. d. 66/104 | MS. Heb. d. 66/105 | MS. Heb. d. 66/106 | MS. Heb. d. 66/107 | MS. Heb. d. 66/108 | MS. Heb. d. 66/109 | MS. Heb. d. 66/110,111 | MS. Heb. d. 66/112 | MS. Heb. d. 66/113 | MS. Heb. d. 66/114 | MS. Heb. d. 66/115 | MS. Heb. d. 66/116 | MS. Heb. d. 66/117 | MS. Heb. d. 66/118 | MS. Heb. d. 66/119 | MS. Heb. d. 66/120 | MS. Heb. d. 66/121 | MS. Heb. d. 66/122 | MS. Heb. d. 66/123 | MS. Heb. d. 66/124 | MS. Heb. d. 66/125 | MS. Heb. d. 66/126 | MS. Heb. d. 66/127,128 | MS. Heb. d. 66/129 | MS. Heb. d. 66/130 | MS. Heb. d. 66/131,132 | MS. Heb. d. 66/133 | MS. Heb. d. 66/134 | MS. Heb. d. 66/135 | MS. Heb. d. 66/136 | MS. Heb. d. 66/137 | MS. Heb. d. 66/138 | MS. Heb. d. 66/139 | MS. Heb. d. 66/140 | MS. Heb. d. 66/141",https://hebrew.bodleian.ox.ac.uk/catalog/volume_89
90,MS. Heb. d. 67,Single Part,https://hebrew.bodleian.ox.ac.uk/catalog/volume_90
91,MS. Heb. d. 68,MS. Heb. d. 68/1 | MS. Heb. d. 68/2 | MS. Heb. d. 68/3 | MS. Heb. d. 68/4 | MS. Heb. d. 68/5 | MS. Heb. d. 68/6 | MS. Heb. d. 68/7 | MS. Heb. d. 68/8 | MS. Heb. d. 68/9 | MS. Heb. d. 68/10 | MS. Heb. d. 68/11 | MS. Heb. d. 68/12 | MS. Heb. d. 68/13 | MS. Heb. d. 68/14 | MS. Heb. d. 68/15 | MS. Heb. d. 68/16 | MS. Heb. d. 68/17 | MS. Heb. d. 68/18 | MS. Heb. d. 68/19 | MS. Heb. d. 68/20 | MS. Heb. d. 68/21 | MS. Heb. d. 68/22 | MS. Heb. d. 68/23 | MS. Heb. d. 68/24 | MS. Heb. d. 68/25 | MS. Heb. d. 68/26 | MS. Heb. d. 68/27 | MS. Heb. d. 68/28 | MS. Heb. d. 68/29 | MS. Heb. d. 68/30 | MS. Heb. d. 68/31 | MS. Heb. d. 68/32,https://hebrew.bodleian.ox.ac.uk/catalog/volume_91
92,MS. Heb. d. 73,MS. Heb. d. 73/1 | MS. Heb. d. 73/2 | MS. Heb. d. 73/3 | MS. Heb. d. 73/4 | MS. Heb. d. 73/5 | MS. Heb. d. 73/6 | MS. Heb. d. 73/7 | MS. Heb. d. 73/8 | MS. Heb. d. 73/9,https://hebrew.bodleian.ox.ac.uk/catalog/volume_92
93,MS. Heb. d. 74,MS. Heb. d. 74/1 | MS. Heb. d. 74/2 | MS. Heb. d. 74/3 | MS. Heb. d. 74/4 | MS. Heb. d. 74/5 | MS. Heb. d. 74/6 | MS. Heb. d. 74/7 | MS. Heb. d. 74/8 | MS. Heb. d. 74/9 | MS. Heb. d. 74/10 | MS. Heb. d. 74/11 | MS. Heb. d. 74/12 | MS. Heb. d. 74/13 | MS. Heb. d. 74/14 | MS. Heb. d. 74/15 | MS. Heb. d. 74/16 | MS. Heb. d. 74/17 | MS. Heb. d. 74/18 | MS. Heb. d. 74/19 | MS. Heb. d. 74/20 | MS. Heb. d. 74/21 | MS. Heb. d. 74/22 | MS. Heb. d. 74/23 | MS. Heb. d. 74/24 | MS. Heb. d. 74/25 | MS. Heb. d. 74/26 | MS. Heb. d. 74/27 | MS. Heb. d. 74/28 | MS. Heb. d. 74/29 | MS. Heb. d. 74/30 | MS. Heb. d. 74/31 | MS. Heb. d. 74/32 | MS. Heb. d. 74/33 | MS. Heb. d. 74/34 | MS. Heb. d. 74/35 | MS. Heb. d. 74/36 | MS. Heb. d. 74/37,https://hebrew.bodleian.ox.ac.uk/catalog/volume_93
94,MS. Heb. d. 75,MS. Heb. d. 75/1 | MS. Heb. d. 75/2 | MS. Heb. d. 75/3 | MS. Heb. d. 75/4 | MS. Heb. d. 75/5 | MS. Heb. d. 75/6 | MS. Heb. d. 75/7 | MS. Heb. d. 75/8 | MS. Heb. d. 75/9 | MS. Heb. d. 75/10 | MS. Heb. d. 75/11 | MS. Heb. d. 75/12 | MS. Heb. d. 75/13 | MS. Heb. d. 75/14 | MS. Heb. d. 75/15 | MS. Heb. d. 75/16 | MS. Heb. d. 75/17 | MS. Heb. d. 75/18 | MS. Heb. d. 75/19 | MS. Heb. d. 75/20 | MS. Heb. d. 75/21 | MS. Heb. d. 75/22 | MS. Heb. d. 75/23 | MS. Heb. d. 75/24 | MS. Heb. d. 75/25 | MS. Heb. d. 75/26 | MS. Heb. d. 75/27 | MS. Heb. d. 75/28,https://hebrew.bodleian.ox.ac.uk/catalog/volume_94
95,MS. Heb. d. 76,MS. Heb. d. 76/1 | MS. Heb. d. 76/2 | MS. Heb. d. 76/3 | MS. Heb. d. 76/4 | MS. Heb. d. 76/5 | MS. Heb. d. 76/6 | MS. Heb. d. 76/7 | MS. Heb. d. 76/8 | MS. Heb. d. 76/9 | MS. Heb. d. 76/10 | MS. Heb. d. 76/11 | MS. Heb. d. 76/12 | MS. Heb. d. 76/13 | MS. Heb. d. 76/14 | MS. Heb. d. 76/15 | MS. Heb. d. 76/16 | MS. Heb. d. 76/17 | MS. Heb. d. 76/18 | MS. Heb. d. 76/19 | MS. Heb. d. 76/20 | MS. Heb. d. 76/21 | MS. Heb. d. 76/22 | MS. Heb. d. 76/23 | MS. Heb. d. 76/24 | MS. Heb. d. 76/25 | MS. Heb. d. 76/26 | MS. Heb. d. 76/27 | MS. Heb. d. 76/28 | MS. Heb. d. 76/29 | MS. Heb. d. 76/30 | MS. Heb. d. 76/31 | MS. Heb. d. 76/32 | MS. Heb. d. 76/33 | MS. Heb. d. 76/34 | MS. Heb. d. 76/35 | MS. Heb. d. 76/36 | MS. Heb. d. 76/37 | MS. Heb. d. 76/38 | MS. Heb. d. 76/39 | MS. Heb. d. 76/40 | MS. Heb. d. 76/41 | MS. Heb. d. 76/42 | MS. Heb. d. 76/43 | MS. Heb. d. 76/44,https://hebrew.bodleian.ox.ac.uk/catalog/volume_95
96,MS. Heb. d. 77,MS. Heb. d. 77/1 | MS. Heb. d. 77/2 | MS. Heb. d. 77/3 | MS. Heb. d. 77/4 | MS. Heb. d. 77/5 | MS. Heb. d. 77/6 | MS. Heb. d. 77/7 | MS. Heb. d. 77/8 | MS. Heb. d. 77/9 | MS. Heb. d. 77/10 | MS. Heb. d. 77/11 | MS. Heb. d. 77/12 | MS. Heb. d. 77/13 | MS. Heb. d. 77/14 | MS. Heb. d. 77/15 | MS. Heb. d. 77/16 | MS. Heb. d. 77/17 | MS. Heb. d. 77/18,https://hebrew.bodleian.ox.ac.uk/catalog/volume_96
97,MS. Heb. d. 78,MS. Heb. d. 78/1 | MS. Heb. d. 78/2 | MS. Heb. d. 78/3 | MS. Heb. d. 78/4 | MS. Heb. d. 78/5 | MS. Heb. d. 78/6 | MS. Heb. d. 78/7 | MS. Heb. d. 78/8,https://hebrew.bodleian.ox.ac.uk/catalog/volume_97
98,MS. Heb. d. 79,MS. Heb. d. 79/1 | MS. Heb. d. 79/2 | MS. Heb. d. 79/3 | MS. Heb. d. 79/4 | MS. Heb. d. 79/5 | MS. Heb. d. 79/6 | MS. Heb. d. 79/7 | MS. Heb. d. 79/8 | MS. Heb. d. 79/9 | MS. Heb. d. 79/10 | MS. Heb. d. 79/11 | MS. Heb. d. 79/12 | MS. Heb. d. 79/13 | MS. Heb. d. 79/14 | MS. Heb. d. 79/15,https://hebrew.bodleian.ox.ac.uk/catalog/volume_98
99,MS. Heb. d. 80,MS. Heb. d. 80/1 | MS. Heb. d. 80/2 | MS. Heb. d. 80/3 | MS. Heb. d. 80/4 | MS. Heb. d. 80/5 | MS. Heb. d. 80/6 | MS. Heb. d. 80/7 | MS. Heb. d. 80/8 | MS. Heb. d. 80/9 | MS. Heb. d. 80/10 | MS. Heb. d. 80/11 | MS. Heb. d. 80/12 | MS. Heb. d. 80/13 | MS. Heb. d. 80/14 | MS. Heb. d. 80/15 | MS. Heb. d. 80/16 | MS. Heb. d. 80/17 | MS. Heb. d. 80/18 | MS. Heb. d. 80/19 | MS. Heb. d. 80/20 | MS. Heb. d. 80/21 | MS. Heb. d. 80/22 | MS. Heb. d. 80/23 | MS. Heb. d. 80/24 | MS. Heb. d. 80/25,https://hebrew.bodleian.ox.ac.uk/catalog/volume_99
100,MS. Heb. d. 81,MS. Heb. d. 81/1 | MS. Heb. d. 81/2 | MS. Heb. d. 81/3 | MS. Heb. d. 81/4 | MS. Heb. d. 81/5 | MS. Heb. d. 81/6 | MS. Heb. d. 81/7 | MS. Heb. d. 81/8 | MS. Heb. d. 81/9 | MS. Heb. d. 81/10 | MS. Heb. d. 81/11 | MS. Heb. d. 81/12 | MS. Heb. d. 81/13 | MS. Heb. d. 81/14 | MS. Heb. d. 81/15 | MS. Heb. d. 81/16,https://hebrew.bodleian.ox.ac.uk/catalog/volume_100
101,MS. Heb. e. 100,MS. Heb. e. 100/1 | MS. Heb. e. 100/2 | MS. Heb. e. 100/3 | MS. Heb. e. 100/4 | MS. Heb. e. 100/5 | MS. Heb. e. 100/6 | MS. Heb. e. 100/7 | MS. Heb. e. 100/8 | MS. Heb. e. 100/9 | MS. Heb. e. 100/10 | MS. Heb. e. 100/11 | MS. Heb. e. 100/12 | MS. Heb. e. 100/13 | MS. Heb. e. 100/14 | MS. Heb. e. 100/15 | MS. Heb. e. 100/16 | MS. Heb. e. 100/17 | MS. Heb. e. 100/18 | MS. Heb. e. 100/19 | MS. Heb. e. 100/20 | MS. Heb. e. 100/21 | MS. Heb. e. 100/22 | MS. Heb. e. 100/23 | MS. Heb. e. 100/24 | MS. Heb. e. 100/25 | MS. Heb. e. 100/26 | MS. Heb. e. 100/27 | MS. Heb. e. 100/28 | MS. Heb. e. 100/29 | MS. Heb. e. 100/30 | MS. Heb. e. 100/31 | MS. Heb. e. 100/32 | MS. Heb. e. 100/33 | MS. Heb. e. 100/34 | MS. Heb. e. 100/35 | MS. Heb. e. 100/36 | MS. Heb. e. 100/37 | MS. Heb. e. 100/38 | MS. Heb. e. 100/39 | MS. Heb. e. 100/40 | MS. Heb. e. 100/41 | MS. Heb. e. 100/42 | MS. Heb. e. 100/43 | MS. Heb. e. 100/44 | MS. Heb. e. 100/45 | MS. Heb. e. 100/46,https://hebrew.bodleian.ox.ac.uk/catalog/volume_101
102,MS. Heb. e. 101,MS. Heb. e. 101/1 | MS. Heb. e. 101/2 | MS. Heb. e. 101/3 | MS. Heb. e. 101/4 | MS. Heb. e. 101/5 | MS. Heb. e. 101/6 | MS. Heb. e. 101/7 | MS. Heb. e. 101/8 | MS. Heb. e. 101/9 | MS. Heb. e. 101/10 | MS. Heb. e. 101/11 | MS. Heb. e. 101/12 | MS. Heb. e. 101/13 | MS. Heb. e. 101/14 | MS. Heb. e. 101/15 | MS. Heb. e. 101/16,https://hebrew.bodleian.ox.ac.uk/catalog/volume_102
103,MS. Heb. e. 102,MS. Heb. e. 102/1 | MS. Heb. e. 102/2 | MS. Heb. e. 102/3 | MS. Heb. e. 102/4 | MS. Heb. e. 102/5,https://hebrew.bodleian.ox.ac.uk/catalog/volume_103
104,MS. Heb. e. 103,MS. Heb. e. 103/1 | MS. Heb. e. 103/2 | MS. Heb. e. 103/3 | MS. Heb. e. 103/4 | MS. Heb. e. 103/5 | MS. Heb. e. 103/6 | MS. Heb. e. 103/7 | MS. Heb. e. 103/8 | MS. Heb. e. 103/9 | MS. Heb. e. 103/10 | MS. Heb. e. 103/11 | MS. Heb. e. 103/12 | MS. Heb. e. 103/13,https://hebrew.bodleian.ox.ac.uk/catalog/volume_104
105,MS. Heb. e. 104,Single Part,https://hebrew.bodleian.ox.ac.uk/catalog/volume_105
106,MS. Heb. e. 105,MS. Heb. e. 105/1 | MS. Heb. e. 105/2 | MS. Heb. e. 105/3 | MS. Heb. e. 105/4 | MS. Heb. e. 105/5 | MS. Heb. e. 105/6 | MS. Heb. e. 105/7 | MS. Heb. e. 105/8 | MS. Heb. e. 105/9 | MS. Heb. e. 105/10 | MS. Heb. e. 105/11 | MS. Heb. e. 105/12 | MS. Heb. e. 105/13 | MS. Heb. e. 105/14 | MS. Heb. e. 105/15 | MS. Heb. e. 105/16 | MS. Heb. e. 105/17 | MS. Heb. e. 105/18 | MS. Heb. e. 105/19 | MS. Heb. e. 105/20,https://hebrew.bodleian.ox.ac.uk/catalog/volume_106
107,MS. Heb. e. 106,Single Part,https://hebrew.bodleian.ox.ac.uk/catalog/volume_107
108,MS. Heb. e. 107,MS. Heb. e. 107/1 | MS. Heb. e. 107/2 | MS. Heb. e. 107/3 | MS. Heb. e. 107/4 | MS. Heb. e. 107/5 | MS. Heb. e. 107/6 | MS. Heb. e. 107/7 | MS. Heb. e. 107/8 | MS. Heb. e. 107/9 | MS. Heb. e. 107/10 | MS. Heb. e. 107/11 | MS. Heb. e. 107/12 | MS. Heb. e. 107/13 | MS. Heb. e. 107/14 | MS. Heb. e. 107/15 | MS. Heb. e. 107/16 | MS. Heb. e. 107/17 | MS. Heb. e. 107/18 | MS. Heb. e. 107/19,https://hebrew.bodleian.ox.ac.uk/catalog/volume_108
109,MS. Heb. e. 108,MS. Heb. e. 108/1 | MS. Heb. e. 108/2 | MS. Heb. e. 108/3 | MS. Heb. e. 108/4 | MS. Heb. e. 108/5 | MS. Heb. e. 108/6 | MS. Heb. e. 108/7 | MS. Heb. e. 108/8 | MS. Heb. e. 108/9 | MS. Heb. e. 108/10 | MS. Heb. e. 108/11 | MS. Heb. e. 108/12 | MS. Heb. e. 108/13 | MS. Heb. e. 108/14 | MS. Heb. e. 108/15 | MS. Heb. e. 108/16 | MS. Heb. e. 108/17 | MS. Heb. e. 108/18 | MS. Heb. e. 108/19 | MS. Heb. e. 108/20 | MS. Heb. e. 108/21 | MS. Heb. e. 108/22 | MS. Heb. e. 108/23 | MS. Heb. e. 108/24 | MS. Heb. e. 108/25 | MS. Heb. e. 108/26 | MS. Heb. e. 108/27 | MS. Heb. e. 108/28 | MS. Heb. e. 108/29 | MS. Heb. e. 108/30 | MS. Heb. e. 108/31 | MS. Heb. e. 108/32 | MS. Heb. e. 108/33 | MS. Heb. e. 108/34 | MS. Heb. e. 108/35 | MS. Heb. e. 108/36 | MS. Heb. e. 108/37,https://hebrew.bodleian.ox.ac.uk/catalog/volume_109
110,MS. Heb. e. 110,Single Part,https://hebrew.bodleian.ox.ac.uk/catalog/volume_110
111,MS. Heb. e. 22,MS. Heb. e. 22/1 | MS. Heb. e. 22/2 | MS. Heb. e. 22/3,https://hebrew.bodleian.ox.ac.uk/catalog/volume_111
112,MS. Heb. e. 23,MS. Heb. e. 23/1 | MS. Heb. e. 23/2 | MS. Heb. e. 23/3 | MS. Heb. e. 23/4 | MS. Heb. e. 23/5 | MS. Heb. e. 23/6 | MS. Heb. e. 23/7 | MS. Heb. e. 23/8,https://hebrew.bodleian.ox.ac.uk/catalog/volume_112
113,MS. Heb. e. 24,Single Part,https://hebrew.bodleian.ox.ac.uk/catalog/volume_113
114,MS. Heb. e. 25,MS. Heb. e. 25/1 | MS. Heb. e. 25/2 | MS. Heb. e. 25/3 | MS. Heb. e. 25/4 | MS. Heb. e. 25/5 | MS. Heb. e. 25/6 | MS. Heb. e. 25/7 | MS. Heb. e. 25/8 | MS. Heb. e. 25/9 | MS. Heb. e. 25/10 | MS. Heb. e. 25/11 | MS. Heb. e. 25/12 | MS. Heb. e. 25/13 | MS. Heb. e. 25/14,https://hebrew.bodleian.ox.ac.uk/catalog/volume_114
115,MS. Heb. e. 26,Single Part,https://hebrew.bodleian.ox.ac.uk/catalog/volume_115
116,MS. Heb. e. 27,Single Part,https://hebrew.bodleian.ox.ac.uk/catalog/volume_116
117,MS. Heb. e. 28,Single Part,https://hebrew.bodleian.ox.ac.uk/catalog/volume_117
118,MS. Heb. e. 29,Single Part,https://hebrew.bodleian.ox.ac.uk/catalog/volume_118
119,MS. Heb. e. 30,MS. Heb. e. 30/1 | MS. Heb. e. 30/2 | MS. Heb. e. 30/3 | MS. Heb. e. 30/4 | MS. Heb. e. 30/5 | MS. Heb. e. 30/6 | MS. Heb. e. 30/7 | MS. Heb. e. 30/8 | MS. Heb. e. 30/9 | MS. Heb. e. 30/10 | MS. Heb. e. 30/11 | MS. Heb. e. 30/12 | MS. Heb. e. 30/13 | MS. Heb. e. 30/14 | MS. Heb. e. 30/15 | MS. Heb. e. 30/16,https://hebrew.bodleian.ox.ac.uk/catalog/volume_119
120,MS. Heb. e. 31,MS. Heb. e. 31/1 | MS. Heb. e. 31/2 | MS. Heb. e. 31/3,https://hebrew.bodleian.ox.ac.uk/catalog/volume_120
121,MS. Heb. e. 32,MS. Heb. e. 32/1 | MS. Heb. e. 32/2 | MS. Heb. e. 32/3 | MS. Heb. e. 32/4 | MS. Heb. e. 32/5 | MS. Heb. e. 32/6.a | MS. Heb. e. 32/6.b | MS. Heb. e. 32/6.c | MS. Heb. e. 32/6.d | MS. Heb. e. 32/6.e,https://hebrew.bodleian.ox.ac.uk/catalog/volume_121
122,MS. Heb. e. 33,MS. Heb. e. 33/A | MS. Heb. e. 33/B | MS. Heb. e. 33/C | MS. Heb. e. 33/D | MS. Heb. e. 33/E | MS. Heb. e. 33/F | MS. Heb. e. 33/G | MS. Heb. e. 33/H,https://hebrew.bodleian.ox.ac.uk/catalog/volume_122
123,MS. Heb. e. 34,MS. Heb. e. 34/1 | MS. Heb. e. 34/2 | MS. Heb. e. 34/3 | MS. Heb. e. 34/4 | MS. Heb. e. 34/5 | MS. Heb. e. 34/6 | MS. Heb. e. 34/7 | MS. Heb. e. 34/8 | MS. Heb. e. 34/9 | MS. Heb. e. 34/10 | MS. Heb. e. 34/11 | MS. Heb. e. 34/12 | MS. Heb. e. 34/13 | MS. Heb. e. 34/14 | MS. Heb. e. 34/15 | MS. Heb. e. 34/16 | MS. Heb. e. 34/17 | MS. Heb. e. 34/18 | MS. Heb. e. 34/19 | MS. Heb. e. 34/20 | MS. Heb. e. 34/21 | MS. Heb. e. 34/22 | MS. Heb. e. 34/23 | MS. Heb. e. 34/24 | MS. Heb. e. 34/25,https://hebrew.bodleian.ox.ac.uk/catalog/volume_123
124,MS. Heb. e. 35,MS. Heb. e. 35/1 | MS. Heb. e. 35/2 | MS. Heb. e. 35/3 | MS. Heb. e. 35/4 | MS. Heb. e. 35/5 | MS. Heb. e. 35/6 | MS. Heb. e. 35/7 | MS. Heb. e. 35/8 | MS. Heb. e. 35/9 | MS. Heb. e. 35/10 | MS. Heb. e. 35/11 | MS. Heb. e. 35/12 | MS. Heb. e. 35/13 | MS. Heb. e. 35/14 | MS. Heb. e. 35/15 | MS. Heb. e. 35/16 | MS. Heb. e. 35/17 | MS. Heb. e. 35/18 | MS. Heb. e. 35/19 | MS. Heb. e. 35/20 | MS. Heb. e. 35/21,https://hebrew.bodleian.ox.ac.uk/catalog/volume_124
125,MS. Heb. e. 36,MS. Heb. e. 36/1 | MS. Heb. e. 36/2 | MS. Heb. e. 36/3 | MS. Heb. e. 36/4 | MS. Heb. e. 36/5 | MS. Heb. e. 36/6 | MS. Heb. e. 36/7 | MS. Heb. e. 36/8 | MS. Heb. e. 36/9,https://hebrew.bodleian.ox.ac.uk/catalog/volume_125
126,MS. Heb. e. 37,MS. Heb. e. 37/1 | MS. Heb. e. 37/2 | MS. Heb. e. 37/3 | MS. Heb. e. 37/4 | MS. Heb. e. 37/5 | MS. Heb. e. 37/6 | MS. Heb. e. 37/7 | MS. Heb. e. 37/8 | MS. Heb. e. 37/9,https://hebrew.bodleian.ox.ac.uk/catalog/volume_126
127,MS. Heb. e. 38,Single Part,https://hebrew.bodleian.ox.ac.uk/catalog/volume_127
128,MS. Heb. e. 39,MS. Heb. e. 39/1 | MS. Heb. e. 39/2 | MS. Heb. e. 39/3 | MS. Heb. e. 39/4 | MS. Heb. e. 39/5 | MS. Heb. e. 39/6 | MS. Heb. e. 39/7 | MS. Heb. e. 39/8 | MS. Heb. e. 39/9 | MS. Heb. e. 39/10 | MS. Heb. e. 39/11 | MS. Heb. e. 39/12 | MS. Heb. e. 39/13 | MS. Heb. e. 39/14 | MS. Heb. e. 39/15 | MS. Heb. e. 39/16 | MS. Heb. e. 39/17 | MS. Heb. e. 39/18 | MS. Heb. e. 39/19 | MS. Heb. e. 39/20 | MS. Heb. e. 39/21 | MS. Heb. e. 39/22 | MS. Heb. e. 39/23 | MS. Heb. e. 39/24 | MS. Heb. e. 39/25 | MS. Heb. e. 39/26 | MS. Heb. e. 39/27 | MS. Heb. e. 39/28 | MS. Heb. e. 39/29 | MS. Heb. e. 39/30 | MS. Heb. e. 39/31 | MS. Heb. e. 39/32,https://hebrew.bodleian.ox.ac.uk/catalog/volume_128
129,MS. Heb. e. 40,MS. Heb. e. 40/1 | MS. Heb. e. 40/2 | MS. Heb. e. 40/3 | MS. Heb. e. 40/4 | MS. Heb. e. 40/5 | MS. Heb. e. 40/6 | MS. Heb. e. 40/7 | MS. Heb. e. 40/8 | MS. Heb. e. 40/9 | MS. Heb. e. 40/10 | MS. Heb. e. 40/11 | MS. Heb. e. 40/12 | MS. Heb. e. 40/13 | MS. Heb. e. 40/14 | MS. Heb. e. 40/15 | MS. Heb. e. 40/16 | MS. Heb. e. 40/17,https://hebrew.bodleian.ox.ac.uk/catalog/volume_129
130,MS. Heb. e. 41,MS. Heb. e. 41/1 | MS. Heb. e. 41/2 | MS. Heb. e. 41/3 | MS. Heb. e. 41/4 | MS. Heb. e. 41/5 | MS. Heb. e. 41/6 | MS. Heb. e. 41/7 | MS. Heb. e. 41/8 | MS. Heb. e. 41/9 | MS. Heb. e. 41/10 | MS. Heb. e. 41/11 | MS. Heb. e. 41/12 | MS. Heb. e. 41/13 | MS. Heb. e. 41/14 | MS. Heb. e. 41/15 | MS. Heb. e. 41/16,https://hebrew.bodleian.ox.ac.uk/catalog/volume_130
131,MS. Heb. e. 43,MS. Heb. e. 43/1 | MS. Heb. e. 43/2 | MS. Heb. e. 43/3 | MS. Heb. e. 43/4 | MS. Heb. e. 43/5 | MS. Heb. e. 43/6 | MS. Heb. e. 43/7 | MS. Heb. e. 43/8 | MS. Heb. e. 43/9 | MS. Heb. e. 43/10 | MS. Heb. e. 43/11 | MS. Heb. e. 43/12 | MS. Heb. e. 43/13 | MS. Heb. e. 43/14 | MS. Heb. e. 43/15 | MS. Heb. e. 43/16 | MS. Heb. e. 43/17 | MS. Heb. e. 43/18,https://hebrew.bodleian.ox.ac.uk/catalog/volume_131
132,MS. Heb. e. 44,MS. Heb. e. 44/1 | MS. Heb. e. 44/2 | MS. Heb. e. 44/3 | MS. Heb. e. 44/4 | MS. Heb. e. 44/5 | MS. Heb. e. 44/6 | MS. Heb. e. 44/7 | MS. Heb. e. 44/8 | MS. Heb. e. 44/9 | MS. Heb. e. 44/10 | MS. Heb. e. 44/11 | MS. Heb. e. 44/12 | MS. Heb. e. 44/13 | MS. Heb. e. 44/14 | MS. Heb. e. 44/15 | MS. Heb. e. 44/16 | MS. Heb. e. 44/17 | MS. Heb. e. 44/18 | MS. Heb. e. 44/19 | MS. Heb. e. 44/20 | MS. Heb. e. 44/21 | MS. Heb. e. 44/22 | MS. Heb. e. 44/23 | MS. Heb. e. 44/24 | MS. Heb. e. 44/25 | MS. Heb. e. 44/26 | MS. Heb. e. 44/27 | MS. Heb. e. 44/28 | MS. Heb. e. 44/29 | MS. Heb. e. 44/30 | MS. Heb. e. 44/31 | MS. Heb. e. 44/32 | MS. Heb. e. 44/33 | MS. Heb. e. 44/34,https://hebrew.bodleian.ox.ac.uk/catalog/volume_132
133,MS. Heb. e. 45,MS. Heb. e. 45/1 | MS. Heb. e. 45/2 | MS. Heb. e. 45/3 | MS. Heb. e. 45/4 | MS. Heb. e. 45/5 | MS. Heb. e. 45/6 | MS. Heb. e. 45/7 | MS. Heb. e. 45/8 | MS. Heb. e. 45/9 | MS. Heb. e. 45/10 | MS. Heb. e. 45/11 | MS. Heb. e. 45/12 | MS. Heb. e. 45/13 | MS. Heb. e. 45/14 | MS. Heb. e. 45/15 | MS. Heb. e. 45/16 | MS. Heb. e. 45/17 | MS. Heb. e. 45/18 | MS. Heb. e. 45/19 | MS. Heb. e. 45/20 | MS. Heb. e. 45/21 | MS. Heb. e. 45/22 | MS. Heb. e. 45/23 | MS. Heb. e. 45/24 | MS. Heb. e. 45/25 | MS. Heb. e. 45/26 | MS. Heb. e. 45/27 | MS. Heb. e. 45/28,https://hebrew.bodleian.ox.ac.uk/catalog/volume_133
134,MS. Heb. e. 46,Single Part,https://hebrew.bodleian.ox.ac.uk/catalog/volume_134
135,MS. Heb. e. 47,MS. Heb. e. 47/1 | MS. Heb. e. 47/2 | MS. Heb. e. 47/3 | MS. Heb. e. 47/4 | MS. Heb. e. 47/5 | MS. Heb. e. 47/6,https://hebrew.bodleian.ox.ac.uk/catalog/volume_135
136,MS. Heb. e. 48,MS. Heb. e. 48/1 | MS. Heb. e. 48/2 | MS. Heb. e. 48/3 | MS. Heb. e. 48/4 | MS. Heb. e. 48/5 | MS. Heb. e. 48/6,https://hebrew.bodleian.ox.ac.uk/catalog/volume_136
137,MS. Heb. e. 49,Single Part,https://hebrew.bodleian.ox.ac.uk/catalog/volume_137
138,MS. Heb. e. 50,MS. Heb. e. 50/1 | MS. Heb. e. 50/2 | MS. Heb. e. 50/3 | MS. Heb. e. 50/4 | MS. Heb. e. 50/5 | MS. Heb. e. 50/6 | MS. Heb. e. 50/7 | MS. Heb. e. 50/8 | MS. Heb. e. 50/9,https://hebrew.bodleian.ox.ac.uk/catalog/volume_138
139,MS. Heb. e. 51,Single Part,https://hebrew.bodleian.ox.ac.uk/catalog/volume_139
140,MS. Heb. e. 52 (R),Single Part,https://hebrew.bodleian.ox.ac.uk/catalog/volume_140
141,MS. Heb. e. 54,MS. Heb. e. 54/1 | MS. Heb. e. 54/2 | MS. Heb. e. 54/3 | MS. Heb. e. 54/4 | MS. Heb. e. 54/5 | MS. Heb. e. 54/6 | MS. Heb. e. 54/7 | MS. Heb. e. 54/8 | MS. Heb. e. 54/9 | MS. Heb. e. 54/10 | MS. Heb. e. 54/11 | MS. Heb. e. 54/12 | MS. Heb. e. 54/13 | MS. Heb. e. 54/14 | MS. Heb. e. 54/15 | MS. Heb. e. 54/16,https://hebrew.bodleian.ox.ac.uk/catalog/volume_141
142,MS. Heb. e. 55,MS. Heb. e. 55/1 | MS. Heb. e. 55/2 | MS. Heb. e. 55/3 | MS. Heb. e. 55/4 | MS. Heb. e. 55/5 | MS. Heb. e. 55/6 | MS. Heb. e. 55/7 | MS. Heb. e. 55/8 | MS. Heb. e. 55/9 | MS. Heb. e. 55/10 | MS. Heb. e. 55/11 | MS. Heb. e. 55/12 | MS. Heb. e. 55/13 | MS. Heb. e. 55/14 | MS. Heb. e. 55/15 | MS. Heb. e. 55/16 | MS. Heb. e. 55/17 | MS. Heb. e. 55/18 | MS. Heb. e. 55/19,https://hebrew.bodleian.ox.ac.uk/catalog/volume_142
143,MS. Heb. e. 56,MS. Heb. e. 56/1 | MS. Heb. e. 56/2 | MS. Heb. e. 56/3 | MS. Heb. e. 56/4 | MS. Heb. e. 56/5,https://hebrew.bodleian.ox.ac.uk/catalog/volume_143
144,MS. Heb. e. 58 (R),Single Part,https://hebrew.bodleian.ox.ac.uk/catalog/volume_144
145,MS. Heb. e. 62,Single Part,https://hebrew.bodleian.ox.ac.uk/catalog/volume_145
146,MS. Heb. e. 69,MS. Heb. e. 69/1 | MS. Heb. e. 69/2 | MS. Heb. e. 69/3 | MS. Heb. e. 69/4 | MS. Heb. e. 69/5 | MS. Heb. e. 69/6 | MS. Heb. e. 69/7 | MS. Heb. e. 69/8 | MS. Heb. e. 69/9 | MS. Heb. e. 69/10 | MS. Heb. e. 69/11 | MS. Heb. e. 69/12 | MS. Heb. e. 69/13 | MS. Heb. e. 69/14 | MS. Heb. e. 69/15 | MS. Heb. e. 69/16 | MS. Heb. e. 69/17 | MS. Heb. e. 69/18 | MS. Heb. e. 69/19 | MS. Heb. e. 69/20 | MS. Heb. e. 69/21 | MS. Heb. e. 69/22 | MS. Heb. e. 69/23 | MS. Heb. e. 69/24,https://hebrew.bodleian.ox.ac.uk/catalog/volume_146
147,MS. Heb. e. 70,MS. Heb. e. 70/1 | MS. Heb. e. 70/2 | MS. Heb. e. 70/3 | MS. Heb. e. 70/4 | MS. Heb. e. 70/5 | MS. Heb. e. 70/6 | MS. Heb. e. 70/7 | MS. Heb. e. 70/8 | MS. Heb. e. 70/9 | MS. Heb. e. 70/10 | MS. Heb. e. 70/11 | MS. Heb. e. 70/12 | MS. Heb. e. 70/13 | MS. Heb. e. 70/14 | MS. Heb. e. 70/15 | MS. Heb. e. 70/16,https://hebrew.bodleian.ox.ac.uk/catalog/volume_147
148,MS. Heb. e. 71,MS. Heb. e. 71/1 | MS. Heb. e. 71/2 | MS. Heb. e. 71/3 | MS. Heb. e. 71/4 | MS. Heb. e. 71/5 | MS. Heb. e. 71/6 | MS. Heb. e. 71/7 | MS. Heb. e. 71/8 | MS. Heb. e. 71/9 | MS. Heb. e. 71/10 | MS. Heb. e. 71/11 | MS. Heb. e. 71/12 | MS. Heb. e. 71/13 | MS. Heb. e. 71/14 | MS. Heb. e. 71/15 | MS. Heb. e. 71/16 | MS. Heb. e. 71/17 | MS. Heb. e. 71/18 | MS. Heb. e. 71/19 | MS. Heb. e. 71/20 | MS. Heb. e. 71/21,https://hebrew.bodleian.ox.ac.uk/catalog/volume_148
149,MS. Heb. e. 72,MS. Heb. e. 72/1 | MS. Heb. e. 72/2 | MS. Heb. e. 72/3 | MS. Heb. e. 72/4 | MS. Heb. e. 72/5 | MS. Heb. e. 72/6 | MS. Heb. e. 72/7 | MS. Heb. e. 72/8 | MS. Heb. e. 72/9 | MS. Heb. e. 72/10 | MS. Heb. e. 72/11 | MS. Heb. e. 72/12 | MS. Heb. e. 72/13 | MS. Heb. e. 72/14 | MS. Heb. e. 72/15 | MS. Heb. e. 72/16 | MS. Heb. e. 72/17 | MS. Heb. e. 72/18 | MS. Heb. e. 72/19 | MS. Heb. e. 72/20 | MS. Heb. e. 72/21 | MS. Heb. e. 72/22 | MS. Heb. e. 72/23,https://hebrew.bodleian.ox.ac.uk/catalog/volume_149
150,MS. Heb. e. 73,MS. Heb. e. 73/1 | MS. Heb. e. 73/2 | MS. Heb. e. 73/3 | MS. Heb. e. 73/4 | MS. Heb. e. 73/5 | MS. Heb. e. 73/6 | MS. Heb. e. 73/7 | MS. Heb. e. 73/8 | MS. Heb. e. 73/9 | MS. Heb. e. 73/10 | MS. Heb. e. 73/11 | MS. Heb. e. 73/12 | MS. Heb. e. 73/13 | MS. Heb. e. 73/14 | MS. Heb. e. 73/15 | MS. Heb. e. 73/16 | MS. Heb. e. 73/17 | MS. Heb. e. 73/18 | MS. Heb. e. 73/19 | MS. Heb. e. 73/20 | MS. Heb. e. 73/21 | MS. Heb. e. 73/22 | MS. Heb. e. 73/23 | MS. Heb. e. 73/24 | MS. Heb. e. 73/25 | MS. Heb. e. 73/26 | MS. Heb. e. 73/27 | MS. Heb. e. 73/28 | MS. Heb. e. 73/29 | MS. Heb. e. 73/30 | MS. Heb. e. 73/31 | MS. Heb. e. 73/32 | MS. Heb. e. 73/33 | MS. Heb. e. 73/34 | MS. Heb. e. 73/35 | MS. Heb. e. 73/36 | MS. Heb. e. 73/37 | MS. Heb. e. 73/38 | MS. Heb. e. 73/39,https://hebrew.bodleian.ox.ac.uk/catalog/volume_150
151,MS. Heb. e. 74,MS. Heb. e. 74/1 | MS. Heb. e. 74/2 | MS. Heb. e. 74/3 | MS. Heb. e. 74/4 | MS. Heb. e. 74/5 | MS. Heb. e. 74/6 | MS. Heb. e. 74/7 | MS. Heb. e. 74/8 | MS. Heb. e. 74/9 | MS. Heb. e. 74/10 | MS. Heb. e. 74/11 | MS. Heb. e. 74/12 | MS. Heb. e. 74/13 | MS. Heb. e. 74/14 | MS. Heb. e. 74/15 | MS. Heb. e. 74/16 | MS. Heb. e. 74/17 | MS. Heb. e. 74/18 | MS. Heb. e. 74/19 | MS. Heb. e. 74/20 | MS. Heb. e. 74/21 | MS. Heb. e. 74/22 | MS. Heb. e. 74/23 | MS. Heb. e. 74/24 | MS. Heb. e. 74/25 | MS. Heb. e. 74/26 | MS. Heb. e. 74/27 | MS. Heb. e. 74/28 | MS. Heb. e. 74/29 | MS. Heb. e. 74/30 | MS. Heb. e. 74/31 | MS. Heb. e. 74/32 | MS. Heb. e. 74/33 | MS. Heb. e. 74/34 | MS. Heb. e. 74/35 | MS. Heb. e. 74/36 | MS. Heb. e. 74/37 | MS. Heb. e. 74/38 | MS. Heb. e. 74/39 | MS. Heb. e. 74/40 | MS. Heb. e. 74/41 | MS. Heb. e. 74/42 | MS. Heb. e. 74/43 | MS. Heb. e. 74/44 | MS. Heb. e. 74/45 | MS. Heb. e. 74/46 | MS. Heb. e. 74/47,https://hebrew.bodleian.ox.ac.uk/catalog/volume_151
152,MS. Heb. e. 75,MS. Heb. e. 75/1 | MS. Heb. e. 75/2 | MS. Heb. e. 75/3 | MS. Heb. e. 75/4 | MS. Heb. e. 75/5 | MS. Heb. e. 75/6 | MS. Heb. e. 75/7 | MS. Heb. e. 75/8 | MS. Heb. e. 75/9 | MS. Heb. e. 75/10 | MS. Heb. e. 75/11 | MS. Heb. e. 75/12 | MS. Heb. e. 75/13 | MS. Heb. e. 75/14 | MS. Heb. e. 75/15 | MS. Heb. e. 75/16 | MS. Heb. e. 75/17 | MS. Heb. e. 75/18 | MS. Heb. e. 75/19 | MS. Heb. e. 75/20 | MS. Heb. e. 75/21 | MS. Heb. e. 75/22 | MS. Heb. e. 75/23 | MS. Heb. e. 75/24 | MS. Heb. e. 75/25 | MS. Heb. e. 75/26 | MS. Heb. e. 75/27 | MS. Heb. e. 75/28,https://hebrew.bodleian.ox.ac.uk/catalog/volume_152
153,MS. Heb. e. 76,MS. Heb. e. 76/1 | MS. Heb. e. 76/2 | MS. Heb. e. 76/3 | MS. Heb. e. 76/4 | MS. Heb. e. 76/5 | MS. Heb. e. 76/6 | MS. Heb. e. 76/7 | MS. Heb. e. 76/8 | MS. Heb. e. 76/9 | MS. Heb. e. 76/10 | MS. Heb. e. 76/11 | MS. Heb. e. 76/12 | MS. Heb. e. 76/13 | MS. Heb. e. 76/14 | MS. Heb. e. 76/15 | MS. Heb. e. 76/16 | MS. Heb. e. 76/17 | MS. Heb. e. 76/18 | MS. Heb. e. 76/19 | MS. Heb. e. 76/20 | MS. Heb. e. 76/21 | MS. Heb. e. 76/22 | MS. Heb. e. 76/23 | MS. Heb. e. 76/24 | MS. Heb. e. 76/25 | MS. Heb. e. 76/26 | MS. Heb. e. 76/27 | MS. Heb. e. 76/28 | MS. Heb. e. 76/29 | MS. Heb. e. 76/30 | MS. Heb. e. 76/31 | MS. Heb. e. 76/32 | MS. Heb. e. 76/33 | MS. Heb. e. 76/34 | MS. Heb. e. 76/35 | MS. Heb. e. 76/36 | MS. Heb. e. 76/37 | MS. Heb. e. 76/38 | MS. Heb. e. 76/39 | MS. Heb. e. 76/40,https://hebrew.bodleian.ox.ac.uk/catalog/volume_153
154,MS. Heb. e. 77,MS. Heb. e. 77/1 | MS. Heb. e. 77/2 | MS. Heb. e. 77/3 | MS. Heb. e. 77/4 | MS. Heb. e. 77/5 | MS. Heb. e. 77/6 | MS. Heb. e. 77/7 | MS. Heb. e. 77/8 | MS. Heb. e. 77/9 | MS. Heb. e. 77/10 | MS. Heb. e. 77/11 | MS. Heb. e. 77/12 | MS. Heb. e. 77/13 | MS. Heb. e. 77/14 | MS. Heb. e. 77/15 | MS. Heb. e. 77/16 | MS. Heb. e. 77/17 | MS. Heb. e. 77/18 | MS. Heb. e. 77/19 | MS. Heb. e. 77/20 | MS. Heb. e. 77/21 | MS. Heb. e. 77/22 | MS. Heb. e. 77/23 | MS. Heb. e. 77/24 | MS. Heb. e. 77/25 | MS. Heb. e. 77/26 | MS. Heb. e. 77/27 | MS. Heb. e. 77/28 | MS. Heb. e. 77/29 | MS. Heb. e. 77/30 | MS. Heb. e. 77/31 | MS. Heb. e. 77/32,https://hebrew.bodleian.ox.ac.uk/catalog/volume_154
155,MS. Heb. e. 78,Single Part,https://hebrew.bodleian.ox.ac.uk/catalog/volume_155
156,MS. Heb. e. 82,MS. Heb. e. 82/a | MS. Heb. e. 82/b | MS. Heb. e. 82/c | MS. Heb. e. 82/d | MS. Heb. e. 82/e,https://hebrew.bodleian.ox.ac.uk/catalog/volume_156
157,MS. Heb. e. 93,MS. Heb. e. 93/1 | MS. Heb. e. 93/2 | MS. Heb. e. 93/3 | MS. Heb. e. 93/4 | MS. Heb. e. 93/5 | MS. Heb. e. 93/6 | MS. Heb. e. 93/7 | MS. Heb. e. 93/8 | MS. Heb. e. 93/9 | MS. Heb. e. 93/10 | MS. Heb. e. 93/11 | MS. Heb. e. 93/12 | MS. Heb. e. 93/13 | MS. Heb. e. 93/14 | MS. Heb. e. 93/15 | MS. Heb. e. 93/16 | MS. Heb. e. 93/17 | MS. Heb. e. 93/18 | MS. Heb. e. 93/19 | MS. Heb. e. 93/20 | MS. Heb. e. 93/21 | MS. Heb. e. 93/22 | MS. Heb. e. 93/23 | MS. Heb. e. 93/24 | MS. Heb. e. 93/25 | MS. Heb. e. 93/26 | MS. Heb. e. 93/27 | MS. Heb. e. 93/28 | MS. Heb. e. 93/29 | MS. Heb. e. 93/30 | MS. Heb. e. 93/31 | MS. Heb. e. 93/32 | MS. Heb. e. 93/33 | MS. Heb. e. 93/34 | MS. Heb. e. 93/35 | MS. Heb. e. 93/36 | MS. Heb. e. 93/37 | MS. Heb. e. 93/38 | MS. Heb. e. 93/39 | MS. Heb. e. 93/40 | MS. Heb. e. 93/41 | MS. Heb. e. 93/42 | MS. Heb. e. 93/43 | MS. Heb. e. 93/44 | MS. Heb. e. 93/45 | MS. Heb. e. 93/46 | MS. Heb. e. 93/47 | MS. Heb. e. 93/48 | MS. Heb. e. 93/49 | MS. Heb. e. 93/50 | MS. Heb. e. 93/51 | MS. Heb. e. 93/52 | MS. Heb. e. 93/53 | MS. Heb. e. 93/54 | MS. Heb. e. 93/55 | MS. Heb. e. 93/56 | MS. Heb. e. 93/57 | MS. Heb. e. 93/58 | MS. Heb. e. 93/59 | MS. Heb. e. 93/60 | MS. Heb. e. 93/61 | MS. Heb. e. 93/62 | MS. Heb. e. 93/63 | MS. Heb. e. 93/64 | MS. Heb. e. 93/65 | MS. Heb. e. 93/66 | MS. Heb. e. 93/67 | MS. Heb. e. 93/68 | MS. Heb. e. 93/69 | MS. Heb. e. 93/70 | MS. Heb. e. 93/71 | MS. Heb. e. 93/72 | MS. Heb. e. 93/73 | MS. Heb. e. 93/74 | MS. Heb. e. 93/75 | MS. Heb. e. 93/76 | MS. Heb. e. 93/77 | MS. Heb. e. 93/78 | MS. Heb. e. 93/79 | MS. Heb. e. 93/80 | MS. Heb. e. 93/81 | MS. Heb. e. 93/82,https://hebrew.bodleian.ox.ac.uk/catalog/volume_157
158,MS. Heb. e. 94,MS. Heb. e. 94/1 | MS. Heb. e. 94/2 | MS. Heb. e. 94/3 | MS. Heb. e. 94/4 | MS. Heb. e. 94/5 | MS. Heb. e. 94/6 | MS. Heb. e. 94/7 | MS. Heb. e. 94/8 | MS. Heb. e. 94/9 | MS. Heb. e. 94/10 | MS. Heb. e. 94/11 | MS. Heb. e. 94/12 | MS. Heb. e. 94/13 | MS. Heb. e. 94/14 | MS. Heb. e. 94/15 | MS. Heb. e. 94/16 | MS. Heb. e. 94/17 | MS. Heb. e. 94/18 | MS. Heb. e. 94/19 | MS. Heb. e. 94/20 | MS. Heb. e. 94/21 | MS. Heb. e. 94/22,https://hebrew.bodleian.ox.ac.uk/catalog/volume_158
159,MS. Heb. e. 95,MS. Heb. e. 95/1 | MS. Heb. e. 95/2 | MS. Heb. e. 95/3 | MS. Heb. e. 95/4 | MS. Heb. e. 95/5 | MS. Heb. e. 95/6 | MS. Heb. e. 95/7 | MS. Heb. e. 95/8 | MS. Heb. e. 95/9 | MS. Heb. e. 95/10 | MS. Heb. e. 95/11 | MS. Heb. e. 95/12 | MS. Heb. e. 95/13 | MS. Heb. e. 95/14 | MS. Heb. e. 95/15 | MS. Heb. e. 95/16 | MS. Heb. e. 95/17 | MS. Heb. e. 95/18 | MS. Heb. e. 95/19 | MS. Heb. e. 95/20 | MS. Heb. e. 95/21 | MS. Heb. e. 95/22 | MS. Heb. e. 95/23 | MS. Heb. e. 95/24 | MS. Heb. e. 95/25 | MS. Heb. e. 95/26 | MS. Heb. e. 95/27 | MS. Heb. e. 95/28 | MS. Heb. e. 95/29 | MS. Heb. e. 95/30 | MS. Heb. e. 95/31 | MS. Heb. e. 95/32 | MS. Heb. e. 95/33 | MS. Heb. e. 95/34 | MS. Heb. e. 95/35,https://hebrew.bodleian.ox.ac.uk/catalog/volume_159
160,MS. Heb. e. 96,MS. Heb. e. 96/1 | MS. Heb. e. 96/2 | MS. Heb. e. 96/3 | MS. Heb. e. 96/4 | MS. Heb. e. 96/5 | MS. Heb. e. 96/6 | MS. Heb. e. 96/7 | MS. Heb. e. 96/8 | MS. Heb. e. 96/9 | MS. Heb. e. 96/10 | MS. Heb. e. 96/11 | MS. Heb. e. 96/12 | MS. Heb. e. 96/13 | MS. Heb. e. 96/14 | MS. Heb. e. 96/15 | MS. Heb. e. 96/16 | MS. Heb. e. 96/17 | MS. Heb. e. 96/18 | MS. Heb. e. 96/19 | MS. Heb. e. 96/20 | MS. Heb. e. 96/21 | MS. Heb. e. 96/22 | MS. Heb. e. 96/23 | MS. Heb. e. 96/24,https://hebrew.bodleian.ox.ac.uk/catalog/volume_160
161,MS. Heb. e. 97,MS. Heb. e. 97/1 | MS. Heb. e. 97/2 | MS. Heb. e. 97/3 | MS. Heb. e. 97/4 | MS. Heb. e. 97/5 | MS. Heb. e. 97/6 | MS. Heb. e. 97/7 | MS. Heb. e. 97/8 | MS. Heb. e. 97/9 | MS. Heb. e. 97/10 | MS. Heb. e. 97/11 | MS. Heb. e. 97/12 | MS. Heb. e. 97/13 | MS. Heb. e. 97/14 | MS. Heb. e. 97/15 | MS. Heb. e. 97/16 | MS. Heb. e. 97/17 | MS. Heb. e. 97/18 | MS. Heb. e. 97/19 | MS. Heb. e. 97/20 | MS. Heb. e. 97/21 | MS. Heb. e. 97/22 | MS. Heb. e. 97/23 | MS. Heb. e. 97/24 | MS. Heb. e. 97/25 | MS. Heb. e. 97/26 | MS. Heb. e. 97/27 | MS. Heb. e. 97/28 | MS. Heb. e. 97/29 | MS. Heb. e. 97/30 | MS. Heb. e. 97/31 | MS. Heb. e. 97/32 | MS. Heb. e. 97/33 | MS. Heb. e. 97/34,https://hebrew.bodleian.ox.ac.uk/catalog/volume_161
162,MS. Heb. e. 98,MS. Heb. e. 98/1 | MS. Heb. e. 98/2 | MS. Heb. e. 98/3 | MS. Heb. e. 98/4 | MS. Heb. e. 98/5 | MS. Heb. e. 98/6 | MS. Heb. e. 98/7 | MS. Heb. e. 98/8 | MS. Heb. e. 98/9 | MS. Heb. e. 98/10 | MS. Heb. e. 98/11 | MS. Heb. e. 98/12 | MS. Heb. e. 98/13 | MS. Heb. e. 98/14 | MS. Heb. e. 98/15 | MS. Heb. e. 98/16 | MS. Heb. e. 98/17 | MS. Heb. e. 98/18 | MS. Heb. e. 98/19 | MS. Heb. e. 98/20 | MS. Heb. e. 98/21 | MS. Heb. e. 98/22 | MS. Heb. e. 98/23 | MS. Heb. e. 98/24 | MS. Heb. e. 98/25 | MS. Heb. e. 98/26 | MS. Heb. e. 98/27 | MS. Heb. e. 98/28 | MS. Heb. e. 98/29 | MS. Heb. e. 98/30 | MS. Heb. e. 98/31 | MS. Heb. e. 98/32 | MS. Heb. e. 98/33 | MS. Heb. e. 98/34 | MS. Heb. e. 98/35 | MS. Heb. e. 98/36 | MS. Heb. e. 98/37 | MS. Heb. e. 98/38 | MS. Heb. e. 98/39 | MS. Heb. e. 98/40 | MS. Heb. e. 98/41 | MS. Heb. e. 98/42 | MS. Heb. e. 98/43 | MS. Heb. e. 98/44 | MS. Heb. e. 98/45 | MS. Heb. e. 98/46 | MS. Heb. e. 98/47 | MS. Heb. e. 98/48 | MS. Heb. e. 98/49 | MS. Heb. e. 98/50 | MS. Heb. e. 98/51 | MS. Heb. e. 98/52 | MS. Heb. e. 98/53 | MS. Heb. e. 98/54 | MS. Heb. e. 98/55 | MS. Heb. e. 98/56 | MS. Heb. e. 98/57 | MS. Heb. e. 98/58 | MS. Heb. e. 98/59 | MS. Heb. e. 98/60 | MS. Heb. e. 98/61 | MS. Heb. e. 98/62 | MS. Heb. e. 98/63 | MS. Heb. e. 98/64 | MS. Heb. e. 98/65,https://hebrew.bodleian.ox.ac.uk/catalog/volume_162
163,MS. Heb. e. 99,MS. Heb. e. 99/1 | MS. Heb. e. 99/2 | MS. Heb. e. 99/3 | MS. Heb. e. 99/4 | MS. Heb. e. 99/5 | MS. Heb. e. 99/6 | MS. Heb. e. 99/7 | MS. Heb. e. 99/8 | MS. Heb. e. 99/9 | MS. Heb. e. 99/10 | MS. Heb. e. 99/11 | MS. Heb. e. 99/12 | MS. Heb. e. 99/13 | MS. Heb. e. 99/14 | MS. Heb. e. 99/15 | MS. Heb. e. 99/16 | MS. Heb. e. 99/17 | MS. Heb. e. 99/18 | MS. Heb. e. 99/19 | MS. Heb. e. 99/20 | MS. Heb. e. 99/21 | MS. Heb. e. 99/22 | MS. Heb. e. 99/23 | MS. Heb. e. 99/24 | MS. Heb. e. 99/25 | MS. Heb. e. 99/26 | MS. Heb. e. 99/27 | MS. Heb. e. 99/28 | MS. Heb. e. 99/29 | MS. Heb. e. 99/30 | MS. Heb. e. 99/31 | MS. Heb. e. 99/32 | MS. Heb. e. 99/33 | MS. Heb. e. 99/34 | MS. Heb. e. 99/35 | MS. Heb. e. 99/36 | MS. Heb. e. 99/37 | MS. Heb. e. 99/38 | MS. Heb. e. 99/39 | MS. Heb. e. 99/40,https://hebrew.bodleian.ox.ac.uk/catalog/volume_163
164,MS. Heb. f. 100,MS. Heb. f. 100/1 | MS. Heb. f. 100/2 | MS. Heb. f. 100/3 | MS. Heb. f. 100/4 | MS. Heb. f. 100/5 | MS. Heb. f. 100/6 | MS. Heb. f. 100/7 | MS. Heb. f. 100/8 | MS. Heb. f. 100/9 | MS. Heb. f. 100/10 | MS. Heb. f. 100/11 | MS. Heb. f. 100/12 | MS. Heb. f. 100/13 | MS. Heb. f. 100/14 | MS. Heb. f. 100/15 | MS. Heb. f. 100/16 | MS. Heb. f. 100/17 | MS. Heb. f. 100/18 | MS. Heb. f. 100/19 | MS. Heb. f. 100/20 | MS. Heb. f. 100/21 | MS. Heb. f. 100/22 | MS. Heb. f. 100/23 | MS. Heb. f. 100/24 | MS. Heb. f. 100/25 | MS. Heb. f. 100/26 | MS. Heb. f. 100/27 | MS. Heb. f. 100/28 | MS. Heb. f. 100/29 | MS. Heb. f. 100/30 | MS. Heb. f. 100/31 | MS. Heb. f. 100/32 | MS. Heb. f. 100/33 | MS. Heb. f. 100/34 | MS. Heb. f. 100/35 | MS. Heb. f. 100/36 | MS. Heb. f. 100/37 | MS. Heb. f. 100/38 | MS. Heb. f. 100/39 | MS. Heb. f. 100/40 | MS. Heb. f. 100/41 | MS. Heb. f. 100/42 | MS. Heb. f. 100/43 | MS. Heb. f. 100/44 | MS. Heb. f. 100/45 | MS. Heb. f. 100/46 | MS. Heb. f. 100/47 | MS. Heb. f. 100/48 | MS. Heb. f. 100/49 | MS. Heb. f. 100/50 | MS. Heb. f. 100/51 | MS. Heb. f. 100/52 | MS. Heb. f. 100/53 | MS. Heb. f. 100/54 | MS. Heb. f. 100/55 | MS. Heb. f. 100/56 | MS. Heb. f. 100/57 | MS. Heb. f. 100/58,https://hebrew.bodleian.ox.ac.uk/catalog/volume_164
165,MS. Heb. f. 101,MS. Heb. f. 101/1 | MS. Heb. f. 101/2 | MS. Heb. f. 101/3 | MS. Heb. f. 101/4 | MS. Heb. f. 101/5 | MS. Heb. f. 101/6 | MS. Heb. f. 101/7 | MS. Heb. f. 101/8 | MS. Heb. f. 101/9 | MS. Heb. f. 101/10 | MS. Heb. f. 101/11 | MS. Heb. f. 101/12 | MS. Heb. f. 101/13 | MS. Heb. f. 101/14 | MS. Heb. f. 101/15 | MS. Heb. f. 101/16 | MS. Heb. f. 101/17 | MS. Heb. f. 101/18 | MS. Heb. f. 101/19 | MS. Heb. f. 101/20 | MS. Heb. f. 101/21 | MS. Heb. f. 101/22 | MS. Heb. f. 101/23 | MS. Heb. f. 101/24 | MS. Heb. f. 101/25 | MS. Heb. f. 101/26 | MS. Heb. f. 101/27 | MS. Heb. f. 101/28 | MS. Heb. f. 101/29 | MS. Heb. f. 101/30 | MS. Heb. f. 101/31 | MS. Heb. f. 101/32 | MS. Heb. f. 101/33 | MS. Heb. f. 101/34 | MS. Heb. f. 101/35,https://hebrew.bodleian.ox.ac.uk/catalog/volume_165
166,MS. Heb. f. 102,MS. Heb. f. 102/1 | MS. Heb. f. 102/2 | MS. Heb. f. 102/3 | MS. Heb. f. 102/4 | MS. Heb. f. 102/5 | MS. Heb. f. 102/6 | MS. Heb. f. 102/7 | MS. Heb. f. 102/8 | MS. Heb. f. 102/9 | MS. Heb. f. 102/10 | MS. Heb. f. 102/11 | MS. Heb. f. 102/12 | MS. Heb. f. 102/13 | MS. Heb. f. 102/14 | MS. Heb. f. 102/15 | MS. Heb. f. 102/16 | MS. Heb. f. 102/17 | MS. Heb. f. 102/18 | MS. Heb. f. 102/19 | MS. Heb. f. 102/20 | MS. Heb. f. 102/21 | MS. Heb. f. 102/22 | MS. Heb. f. 102/23 | MS. Heb. f. 102/24 | MS. Heb. f. 102/25 | MS. Heb. f. 102/26 | MS. Heb. f. 102/27 | MS. Heb. f. 102/28 | MS. Heb. f. 102/29 | MS. Heb. f. 102/30 | MS. Heb. f. 102/31 | MS. Heb. f. 102/32 | MS. Heb. f. 102/33 | MS. Heb. f. 102/34 | MS. Heb. f. 102/35,https://hebrew.bodleian.ox.ac.uk/catalog/volume_166
167,MS. Heb. f. 103,MS. Heb. f. 103/1 | MS. Heb. f. 103/2 | MS. Heb. f. 103/3 | MS. Heb. f. 103/4 | MS. Heb. f. 103/5 | MS. Heb. f. 103/6 | MS. Heb. f. 103/7 | MS. Heb. f. 103/8 | MS. Heb. f. 103/9 | MS. Heb. f. 103/10 | MS. Heb. f. 103/11 | MS. Heb. f. 103/12 | MS. Heb. f. 103/13 | MS. Heb. f. 103/14 | MS. Heb. f. 103/15 | MS. Heb. f. 103/16 | MS. Heb. f. 103/17 | MS. Heb. f. 103/18 | MS. Heb. f. 103/19 | MS. Heb. f. 103/20 | MS. Heb. f. 103/21 | MS. Heb. f. 103/22 | MS. Heb. f. 103/23 | MS. Heb. f. 103/24 | MS. Heb. f. 103/25 | MS. Heb. f. 103/26 | MS. Heb. f. 103/27 | MS. Heb. f. 103/28 | MS. Heb. f. 103/29 | MS. Heb. f. 103/30 | MS. Heb. f. 103/31 | MS. Heb. f. 103/32 | MS. Heb. f. 103/33 | MS. Heb. f. 103/34 | MS. Heb. f. 103/35 | MS. Heb. f. 103/36 | MS. Heb. f. 103/37 | MS. Heb. f. 103/38 | MS. Heb. f. 103/39 | MS. Heb. f. 103/40 | MS. Heb. f. 103/41,https://hebrew.bodleian.ox.ac.uk/catalog/volume_167
168,MS. Heb. f. 104,Single Part,https://hebrew.bodleian.ox.ac.uk/catalog/volume_168
169,MS. Heb. f. 105,MS. Heb. f. 105/1 | MS. Heb. f. 105/2 | MS. Heb. f. 105/3 | MS. Heb. f. 105/4 | MS. Heb. f. 105/5 | MS. Heb. f. 105/6 | MS. Heb. f. 105/7 | MS. Heb. f. 105/8 | MS. Heb. f. 105/9 | MS. Heb. f. 105/10 | MS. Heb. f. 105/11 | MS. Heb. f. 105/12,https://hebrew.bodleian.ox.ac.uk/catalog/volume_169
170,MS. Heb. f. 106,MS. Heb. f. 106/1 | MS. Heb. f. 106/2 | MS. Heb. f. 106/3 | MS. Heb. f. 106/4 | MS. Heb. f. 106/5 | MS. Heb. f. 106/6 | MS. Heb. f. 106/7 | MS. Heb. f. 106/8 | MS. Heb. f. 106/9 | MS. Heb. f. 106/10 | MS. Heb. f. 106/11 | MS. Heb. f. 106/12 | MS. Heb. f. 106/13 | MS. Heb. f. 106/14 | MS. Heb. f. 106/15 | MS. Heb. f. 106/16 | MS. Heb. f. 106/17 | MS. Heb. f. 106/18 | MS. Heb. f. 106/19 | MS. Heb. f. 106/20 | MS. Heb. f. 106/21 | MS. Heb. f. 106/22 | MS. Heb. f. 106/23 | MS. Heb. f. 106/24 | MS. Heb. f. 106/25 | MS. Heb. f. 106/26 | MS. Heb. f. 106/27 | MS. Heb. f. 106/28 | MS. Heb. f. 106/29 | MS. Heb. f. 106/30 | MS. Heb. f. 106/31 | MS. Heb. f. 106/32 | MS. Heb. f. 106/33 | MS. Heb. f. 106/34 | MS. Heb. f. 106/35 | MS. Heb. f. 106/36 | MS. Heb. f. 106/37 | MS. Heb. f. 106/38,https://hebrew.bodleian.ox.ac.uk/catalog/volume_170
171,MS. Heb. f. 107,MS. Heb. f. 107/1 | MS. Heb. f. 107/2 | MS. Heb. f. 107/3 | MS. Heb. f. 107/4 | MS. Heb. f. 107/5 | MS. Heb. f. 107/6 | MS. Heb. f. 107/7 | MS. Heb. f. 107/8 | MS. Heb. f. 107/9 | MS. Heb. f. 107/10 | MS. Heb. f. 107/11 | MS. Heb. f. 107/12 | MS. Heb. f. 107/13 | MS. Heb. f. 107/14 | MS. Heb. f. 107/15 | MS. Heb. f. 107/16 | MS. Heb. f. 107/17 | MS. Heb. f. 107/18 | MS. Heb. f. 107/19 | MS. Heb. f. 107/20 | MS. Heb. f. 107/21 | MS. Heb. f. 107/22 | MS. Heb. f. 107/23 | MS. Heb. f. 107/24 | MS. Heb. f. 107/25 | MS. Heb. f. 107/26 | MS. Heb. f. 107/27 | MS. Heb. f. 107/28 | MS. Heb. f. 107/29 | MS. Heb. f. 107/30 | MS. Heb. f. 107/31 | MS. Heb. f. 107/32 | MS. Heb. f. 107/33 | MS. Heb. f. 107/34 | MS. Heb. f. 107/35,https://hebrew.bodleian.ox.ac.uk/catalog/volume_171
172,MS. Heb. f. 108,MS. Heb. f. 108/1 | MS. Heb. f. 108/2 | MS. Heb. f. 108/3 | MS. Heb. f. 108/4 | MS. Heb. f. 108/5 | MS. Heb. f. 108/6 | MS. Heb. f. 108/7 | MS. Heb. f. 108/8 | MS. Heb. f. 108/9 | MS. Heb. f. 108/10 | MS. Heb. f. 108/11 | MS. Heb. f. 108/12 | MS. Heb. f. 108/13 | MS. Heb. f. 108/14 | MS. Heb. f. 108/15 | MS. Heb. f. 108/16 | MS. Heb. f. 108/17 | MS. Heb. f. 108/18 | MS. Heb. f. 108/19 | MS. Heb. f. 108/20 | MS. Heb. f. 108/21 | MS. Heb. f. 108/22 | MS. Heb. f. 108/23 | MS. Heb. f. 108/24 | MS. Heb. f. 108/25 | MS. Heb. f. 108/26 | MS. Heb. f. 108/27 | MS. Heb. f. 108/28 | MS. Heb. f. 108/29 | MS. Heb. f. 108/30 | MS. Heb. f. 108/31 | MS. Heb. f. 108/32 | MS. Heb. f. 108/33,https://hebrew.bodleian.ox.ac.uk/catalog/volume_172
173,MS. Heb. f. 110,Single Part,https://hebrew.bodleian.ox.ac.uk/catalog/volume_173
174,MS. Heb. f. 111,Single Part,https://hebrew.bodleian.ox.ac.uk/catalog/volume_174
175,MS. Heb. f. 18,Single Part,https://hebrew.bodleian.ox.ac.uk/catalog/volume_175
176,MS. Heb. f. 19,Single Part,https://hebrew.bodleian.ox.ac.uk/catalog/volume_176
177,MS. Heb. f. 20,MS. Heb. f. 20/1 | MS. Heb. f. 20/2 | MS. Heb. f. 20/3 | MS. Heb. f. 20/4 | MS. Heb. f. 20/5 | MS. Heb. f. 20/6,https://hebrew.bodleian.ox.ac.uk/catalog/volume_177
178,MS. Heb. f. 21,MS. Heb. f. 21/1 | MS. Heb. f. 21/2 | MS. Heb. f. 21/3 | MS. Heb. f. 21/4 | MS. Heb. f. 21/5 | MS. Heb. f. 21/6 | MS. Heb. f. 21/7 | MS. Heb. f. 21/8 | MS. Heb. f. 21/9 | MS. Heb. f. 21/10 | MS. Heb. f. 21/11,https://hebrew.bodleian.ox.ac.uk/catalog/volume_178
179,MS. Heb. f. 22,MS. Heb. f. 22/1 | MS. Heb. f. 22/2 | MS. Heb. f. 22/3 | MS. Heb. f. 22/4 | MS. Heb. f. 22/5 | MS. Heb. f. 22/6 | MS. Heb. f. 22/7,https://hebrew.bodleian.ox.ac.uk/catalog/volume_179
180,MS. Heb. f. 23,MS. Heb. f. 23/1 | MS. Heb. f. 23/2 | MS. Heb. f. 23/3 | MS. Heb. f. 23/4 | MS. Heb. f. 23/5 | MS. Heb. f. 23/6,https://hebrew.bodleian.ox.ac.uk/catalog/volume_180
181,MS. Heb. f. 24,Single Part,https://hebrew.bodleian.ox.ac.uk/catalog/volume_181
182,MS. Heb. f. 25,MS. Heb. f. 25/1 | MS. Heb. f. 25/2 | MS. Heb. f. 25/3,https://hebrew.bodleian.ox.ac.uk/catalog/volume_182
183,MS. Heb. f. 26,Single Part,https://hebrew.bodleian.ox.ac.uk/catalog/volume_183
184,MS. Heb. f. 27,MS. Heb. f. 27/1 | MS. Heb. f. 27/2 | MS. Heb. f. 27/3 | MS. Heb. f. 27/4 | MS. Heb. f. 27/5 | MS. Heb. f. 27/6 | MS. Heb. f. 27/7 | MS. Heb. f. 27/8 | MS. Heb. f. 27/9 | MS. Heb. f. 27/10 | MS. Heb. f. 27/11 | MS. Heb. f. 27/12 | MS. Heb. f. 27/13,https://hebrew.bodleian.ox.ac.uk/catalog/volume_184
185,MS. Heb. f. 28,MS. Heb. f. 28/1 | MS. Heb. f. 28/2 | MS. Heb. f. 28/3,https://hebrew.bodleian.ox.ac.uk/catalog/volume_185
186,MS. Heb. f. 29,MS. Heb. f. 29/1 | MS. Heb. f. 29/2 | MS. Heb. f. 29/3 | MS. Heb. f. 29/4 | MS. Heb. f. 29/5 | MS. Heb. f. 29/6,https://hebrew.bodleian.ox.ac.uk/catalog/volume_186
187,MS. Heb. f. 30,MS. Heb. f. 30/1 | MS. Heb. f. 30/2 | MS. Heb. f. 30/3 | MS. Heb. f. 30/4 | MS. Heb. f. 30/5 | MS. Heb. f. 30/6 | MS. Heb. f. 30/7 | MS. Heb. f. 30/8 | MS. Heb. f. 30/9 | MS. Heb. f. 30/10,https://hebrew.bodleian.ox.ac.uk/catalog/volume_187
188,MS. Heb. f. 31,MS. Heb. f. 31/1 | MS. Heb. f. 31/2 | MS. Heb. f. 31/3 | MS. Heb. f. 31/4 | MS. Heb. f. 31/5 | MS. Heb. f. 31/6,https://hebrew.bodleian.ox.ac.uk/catalog/volume_188
189,MS. Heb. f. 32,MS. Heb. f. 32/1 | MS. Heb. f. 32/2 | MS. Heb. f. 32/3 | MS. Heb. f. 32/4 | MS. Heb. f. 32/5 | MS. Heb. f. 32/6 | MS. Heb. f. 32/7 | MS. Heb. f. 32/8 | MS. Heb. f. 32/9 | MS. Heb. f. 32/10 | MS. Heb. f. 32/11 | MS. Heb. f. 32/12 | MS. Heb. f. 32/13 | MS. Heb. f. 32/14 | MS. Heb. f. 32/15 | MS. Heb. f. 32/16 | MS. Heb. f. 32/17 | MS. Heb. f. 32/18,https://hebrew.bodleian.ox.ac.uk/catalog/volume_189
190,MS. Heb. f. 33,MS. Heb. f. 33/1 | MS. Heb. f. 33/2 | MS. Heb. f. 33/3 | MS. Heb. f. 33/4 | MS. Heb. f. 33/5 | MS. Heb. f. 33/6 | MS. Heb. f. 33/7 | MS. Heb. f. 33/8 | MS. Heb. f. 33/9 | MS. Heb. f. 33/10 | MS. Heb. f. 33/11 | MS. Heb. f. 33/12 | MS. Heb. f. 33/13 | MS. Heb. f. 33/14 | MS. Heb. f. 33/15 | MS. Heb. f. 33/16 | MS. Heb. f. 33/17 | MS. Heb. f. 33/18 | MS. Heb. f. 33/19 | MS. Heb. f. 33/20 | MS. Heb. f. 33/21 | MS. Heb. f. 33/22 | MS. Heb. f. 33/23,https://hebrew.bodleian.ox.ac.uk/catalog/volume_190
191,MS. Heb. f. 34,MS. Heb. f. 34/1 | MS. Heb. f. 34/2 | MS. Heb. f. 34/3 | MS. Heb. f. 34/4 | MS. Heb. f. 34/5 | MS. Heb. f. 34/6 | MS. Heb. f. 34/7 | MS. Heb. f. 34/8 | MS. Heb. f. 34/9 | MS. Heb. f. 34/10 | MS. Heb. f. 34/11 | MS. Heb. f. 34/12 | MS. Heb. f. 34/13 | MS. Heb. f. 34/14 | MS. Heb. f. 34/15,https://hebrew.bodleian.ox.ac.uk/catalog/volume_191
192,MS. Heb. f. 35 (P),Single Part,https://hebrew.bodleian.ox.ac.uk/catalog/volume_192
193,MS. Heb. f. 36,MS. Heb. f. 36/1 | MS. Heb. f. 36/2 | MS. Heb. f. 36/3 | MS. Heb. f. 36/4 | MS. Heb. f. 36/5 | MS. Heb. f. 36/6 | MS. Heb. f. 36/7 | MS. Heb. f. 36/8 | MS. Heb. f. 36/9 | MS. Heb. f. 36/10 | MS. Heb. f. 36/11 | MS. Heb. f. 36/12 | MS. Heb. f. 36/13 | MS. Heb. f. 36/14 | MS. Heb. f. 36/15 | MS. Heb. f. 36/16,https://hebrew.bodleian.ox.ac.uk/catalog/volume_193
194,MS. Heb. f. 37,MS. Heb. f. 37/1 | MS. Heb. f. 37/2 | MS. Heb. f. 37/3 | MS. Heb. f. 37/4 | MS. Heb. f. 37/5 | MS. Heb. f. 37/6 | MS. Heb. f. 37/7,https://hebrew.bodleian.ox.ac.uk/catalog/volume_194
195,MS. Heb. f. 38,MS. Heb. f. 38/1 | MS. Heb. f. 38/2 | MS. Heb. f. 38/3,https://hebrew.bodleian.ox.ac.uk/catalog/volume_195
196,MS. Heb. f. 39,Single Part,https://hebrew.bodleian.ox.ac.uk/catalog/volume_196
197,MS. Heb. f. 40,Single Part,https://hebrew.bodleian.ox.ac.uk/catalog/volume_197
198,MS. Heb. f. 42,MS. Heb. f. 42/1 | MS. Heb. f. 42/2 | MS. Heb. f. 42/3 | MS. Heb. f. 42/4 | MS. Heb. f. 42/5 | MS. Heb. f. 42/6,https://hebrew.bodleian.ox.ac.uk/catalog/volume_198
199,MS. Heb. f. 43,MS. Heb. f. 43/1 | MS. Heb. f. 43/2,https://hebrew.bodleian.ox.ac.uk/catalog/volume_199
200,MS. Heb. f. 44,MS. Heb. f. 44/1 | MS. Heb. f. 44/2 | MS. Heb. f. 44/3,https://hebrew.bodleian.ox.ac.uk/catalog/volume_200
201,MS. Heb. f. 45,MS. Heb. f. 45/1 | MS. Heb. f. 45/2,https://hebrew.bodleian.ox.ac.uk/catalog/volume_201
202,MS. Heb. f. 47,MS. Heb. f. 47/1 | MS. Heb. f. 47/2 | MS. Heb. f. 47/3 | MS. Heb. f. 47/4,https://hebrew.bodleian.ox.ac.uk/catalog/volume_202
203,MS. Heb. f. 48,MS. Heb. f. 48/1 | MS. Heb. f. 48/2 | MS. Heb. f. 48/3 | MS. Heb. f. 48/4 | MS. Heb. f. 48/5 | MS. Heb. f. 48/6,https://hebrew.bodleian.ox.ac.uk/catalog/volume_203
204,MS. Heb. f. 51,MS. Heb. f. 51/1 | MS. Heb. f. 51/2,https://hebrew.bodleian.ox.ac.uk/catalog/volume_204
205,MS. Heb. f. 54,Single Part,https://hebrew.bodleian.ox.ac.uk/catalog/volume_205
206,MS. Heb. f. 56,MS. Heb. f. 56/1 | MS. Heb. f. 56/2 | MS. Heb. f. 56/3 | MS. Heb. f. 56/4 | MS. Heb. f. 56/5 | MS. Heb. f. 56/6 | MS. Heb. f. 56/7 | MS. Heb. f. 56/8 | MS. Heb. f. 56/9 | MS. Heb. f. 56/10 | MS. Heb. f. 56/11 | MS. Heb. f. 56/12 | MS. Heb. f. 56/13 | MS. Heb. f. 56/14 | MS. Heb. f. 56/15 | MS. Heb. f. 56/16 | MS. Heb. f. 56/17 | MS. Heb. f. 56/18 | MS. Heb. f. 56/19 | MS. Heb. f. 56/20 | MS. Heb. f. 56/21 | MS. Heb. f. 56/22 | MS. Heb. f. 56/23 | MS. Heb. f. 56/24 | MS. Heb. f. 56/25 | MS. Heb. f. 56/26 | MS. Heb. f. 56/27 | MS. Heb. f. 56/28 | MS. Heb. f. 56/29 | MS. Heb. f. 56/30 | MS. Heb. f. 56/31 | MS. Heb. f. 56/32 | MS. Heb. f. 56/33 | MS. Heb. f. 56/34 | MS. Heb. f. 56/35 | MS. Heb. f. 56/36 | MS. Heb. f. 56/37 | MS. Heb. f. 56/38 | MS. Heb. f. 56/39 | MS. Heb. f. 56/40,https://hebrew.bodleian.ox.ac.uk/catalog/volume_206
207,MS. Heb. f. 57,MS. Heb. f. 57/1 | MS. Heb. f. 57/2 | MS. Heb. f. 57/3 | MS. Heb. f. 57/4 | MS. Heb. f. 57/5 | MS. Heb. f. 57/6 | MS. Heb. f. 57/7 | MS. Heb. f. 57/8 | MS. Heb. f. 57/9 | MS. Heb. f. 57/10 | MS. Heb. f. 57/11 | MS. Heb. f. 57/12 | MS. Heb. f. 57/13 | MS. Heb. f. 57/14 | MS. Heb. f. 57/15 | MS. Heb. f. 57/16 | MS. Heb. f. 57/17 | MS. Heb. f. 57/18,https://hebrew.bodleian.ox.ac.uk/catalog/volume_207
208,MS. Heb. f. 58,MS. Heb. f. 58/1 | MS. Heb. f. 58/2 | MS. Heb. f. 58/3 | MS. Heb. f. 58/4 | MS. Heb. f. 58/5 | MS. Heb. f. 58/6 | MS. Heb. f. 58/7 | MS. Heb. f. 58/8 | MS. Heb. f. 58/9 | MS. Heb. f. 58/10 | MS. Heb. f. 58/11 | MS. Heb. f. 58/12 | MS. Heb. f. 58/13 | MS. Heb. f. 58/14 | MS. Heb. f. 58/15,https://hebrew.bodleian.ox.ac.uk/catalog/volume_208
209,MS. Heb. f. 59,MS. Heb. f. 59/A.1 | MS. Heb. f. 59/A.2 | MS. Heb. f. 59/A.3 | MS. Heb. f. 59/A.4 | MS. Heb. f. 59/A.5 | MS. Heb. f. 59/A.6 | MS. Heb. f. 59/A.7 | MS. Heb. f. 59/A.8 | MS. Heb. f. 59/A.9 | MS. Heb. f. 59/B.1 | MS. Heb. f. 59/B.2 | MS. Heb. f. 59/B.3 | MS. Heb. f. 59/B.4 | MS. Heb. f. 59/B.5 | MS. Heb. f. 59/B.6 | MS. Heb. f. 59/B.7 | MS. Heb. f. 59/B.8 | MS. Heb. f. 59/B.9 | MS. Heb. f. 59/B.10 | MS. Heb. f. 59/B.11 | MS. Heb. f. 59/B.12,https://hebrew.bodleian.ox.ac.uk/catalog/volume_209
210,MS. Heb. f. 61,MS. Heb. f. 61/1 | MS. Heb. f. 61/2 | MS. Heb. f. 61/3 | MS. Heb. f. 61/4 | MS. Heb. f. 61/5 | MS. Heb. f. 61/6 | MS. Heb. f. 61/7 | MS. Heb. f. 61/8 | MS. Heb. f. 61/9 | MS. Heb. f. 61/10 | MS. Heb. f. 61/11 | MS. Heb. f. 61/12 | MS. Heb. f. 61/13 | MS. Heb. f. 61/14 | MS. Heb. f. 61/15,https://hebrew.bodleian.ox.ac.uk/catalog/volume_210
211,MS. Heb. f. 98*,Single Part,https://hebrew.bodleian.ox.ac.uk/catalog/volume_211
212,MS. Heb. f. 98,Single Part,https://hebrew.bodleian.ox.ac.uk/catalog/volume_212
213,MS. Heb. f. 99,MS. Heb. f. 99/1 | MS. Heb. f. 99/2 | MS. Heb. f. 99/3 | MS. Heb. f. 99/4 | MS. Heb. f. 99/5 | MS. Heb. f. 99/6 | MS. Heb. f. 99/7 | MS. Heb. f. 99/8 | MS. Heb. f. 99/9 | MS. Heb. f. 99/10 | MS. Heb. f. 99/11 | MS. Heb. f. 99/12 | MS. Heb. f. 99/13 | MS. Heb. f. 99/14 | MS. Heb. f. 99/15 | MS. Heb. f. 99/16 | MS. Heb. f. 99/17 | MS. Heb. f. 99/18 | MS. Heb. f. 99/19 | MS. Heb. f. 99/20 | MS. Heb. f. 99/21 | MS. Heb. f. 99/22 | MS. Heb. f. 99/23 | MS. Heb. f. 99/24 | MS. Heb. f. 99/25 | MS. Heb. f. 99/26 | MS. Heb. f. 99/27 | MS. Heb. f. 99/28 | MS. Heb. f. 99/29 | MS. Heb. f. 99/30 | MS. Heb. f. 99/31,https://hebrew.bodleian.ox.ac.uk/catalog/volume_213
214,MS. Heb. g. 12,Single Part,https://hebrew.bodleian.ox.ac.uk/catalog/volume_214
215,MS. Heb. g. 2,Single Part,https://hebrew.bodleian.ox.ac.uk/catalog/volume_215
216,MS. Heb. g. 3,Single Part,https://hebrew.bodleian.ox.ac.uk/catalog/volume_216
217,MS. Heb. g. 5,Single Part,https://hebrew.bodleian.ox.ac.uk/catalog/volume_217
218,MS. Heb. g. 6,Single Part,https://hebrew.bodleian.ox.ac.uk/catalog/volume_218
219,MS. Heb. g. 8,MS. Heb. g. 8/1 | MS. Heb. g. 8/2 | MS. Heb. g. 8/3 | MS. Heb. g. 8/4 | MS. Heb. g. 8/5 | MS. Heb. g. 8/6 | MS. Heb. g. 8/7 | MS. Heb. g. 8/8 | MS. Heb. g. 8/9,https://hebrew.bodleian.ox.ac.uk/catalog/volume_219
220,MS. Syr. c. 15 (P),Single Part,https://hebrew.bodleian.ox.ac.uk/catalog/volume_220
221,MS. Syr. c. 16 (P),Single Part,https://hebrew.bodleian.ox.ac.uk/catalog/volume_221
222,MS. Syr. c. 17 (P),Single Part,https://hebrew.bodleian.ox.ac.uk/catalog/volume_222
223,MS. Syr. c. 18 (P),Single Part,https://hebrew.bodleian.ox.ac.uk/catalog/volume_223
224,MS. Syr. d. 32 (P),Single Part,https://hebrew.bodleian.ox.ac.uk/catalog/volume_224
225,MS. Syr. d. 33 (P),Single Part,https://hebrew.bodleian.ox.ac.uk/catalog/volume_225
