System ID,Shelfmark Text,Issue,Details
990053461700205171,"MS heb. f.7/98 | Ms. heb. f. 7.98 | The Bodleian Libraries, University of Oxford Ms. heb. f. 7.98",NO_ID_LINKED,Field is empty
990053477910205171,"MS heb. f.53/57 | Ms. heb. f. 53.57 | The Bodleian Libraries, University of Oxford Ms. heb. f. 53.57",NO_ID_LINKED,Field is empty
990053492670205171,"MS heb. g.14/6 | Ms. heb. g. 14.6 | The Bodleian Libraries, University of Oxford Ms. heb. g. 14.6",NO_ID_LINKED,Field is empty
990053468460205171,"MS heb. f.31/14 | Ms. heb. f. 31.14 | The Bodleian Libraries, University of Oxford Ms. heb. f. 31.14",NO_ID_LINKED,Field is empty
990053476830205171,"MS heb. f.52/44 | Ms. heb. f. 52.44 | The Bodleian Libraries, University of Oxford Ms. heb. f. 52.44",NO_ID_LINKED,Field is empty
990053476920205171,"MS heb. f.52/53 | Ms. heb. f. 52.53 | The Bodleian Libraries, University of Oxford Ms. heb. f. 52.53",NO_ID_LINKED,Field is empty
990053477550205171,"MS heb. f.53/21 | Ms. heb. f. 53.21 | The Bodleian Libraries, University of Oxford Ms. heb. f. 53.21",NO_ID_LINKED,Field is empty
990053476740205171,"MS heb. f.52/35 | Ms. heb. f. 52.35 | The Bodleian Libraries, University of Oxford Ms. heb. f. 52.35",NO_ID_LINKED,Field is empty
990053460440205171,"MS heb. f.3/19 | Ms. heb. f. 3.19 | The Bodleian Libraries, University of Oxford Ms. heb. f. 3.19",NO_ID_LINKED,Field is empty
990053461520205171,"MS heb. f.7/80 | Ms. heb. f. 7.80 | The Bodleian Libraries, University of Oxford Ms. heb. f. 7.80",NO_ID_LINKED,Field is empty
990053492760205171,"MS heb. g.14/15 | Ms. heb. g. 14.15 | The Bodleian Libraries, University of Oxford Ms. heb. g. 14.15",NO_ID_LINKED,Field is empty
990053480150205171,"MS heb. f.56/130 | Ms. heb. f. 56.130 | The Bodleian Libraries, University of Oxford Ms. heb. f. 56.130",NO_ID_LINKED,Field is empty
990053478090205171,"MS heb. f.53/75 | Ms. heb. f. 53.75 | The Bodleian Libraries, University of Oxford Ms. heb. f. 53.75",NO_ID_LINKED,Field is empty
997008739658505171,"MS Heb. C.64/5 | Ms. heb. c. 64.5 | The Bodleian Libraries, University of Oxford Ms. heb. c. 64.5",NO_ID_LINKED,Field is empty
997008739664805171,"MS Heb. c.72/22 | Ms. heb. c. 72.22 | The Bodleian Libraries, University of Oxford Ms. heb. c. 72.22",NO_ID_LINKED,Field is empty
997008739657605171,"MS Heb. c.72/21 | Ms. heb. c. 72.21 | The Bodleian Libraries, University of Oxford Ms. heb. c. 72.21",NO_ID_LINKED,Field is empty
990053492850205171,"MS heb. g.14/24 | Ms. heb. g. 14.24 | The Bodleian Libraries, University of Oxford Ms. heb. g. 14.24",NO_ID_LINKED,Field is empty
990053460800205171,"MS heb. f.7/8 | Ms. heb. f. 7.8 | The Bodleian Libraries, University of Oxford Ms. heb. f. 7.8",NO_ID_LINKED,Field is empty
990053459820205171,"MS heb. e.115/16 | Ms. heb. e. 115.16 | The Bodleian Libraries, University of Oxford Ms. heb. e. 115.16",NO_ID_LINKED,Field is empty
990053460620205171,"MS heb. f.5/8 | Ms. heb. f. 5.8 | The Bodleian Libraries, University of Oxford Ms. heb. f. 5.8",NO_ID_LINKED,Field is empty
990053476560205171,"MS heb. f.52/17 | Ms. heb. f. 52.17 | The Bodleian Libraries, University of Oxford Ms. heb. f. 52.17",NO_ID_LINKED,Field is empty
990053477000205171,"MS heb. f.52/61 | Ms. heb. f. 52.61 | The Bodleian Libraries, University of Oxford Ms. heb. f. 52.61",NO_ID_LINKED,Field is empty
990053461250205171,"MS heb. f.7/53 | Ms. heb. f. 7.53 | The Bodleian Libraries, University of Oxford Ms. heb. f. 7.53",NO_ID_LINKED,Field is empty
990053462150205171,"MS heb. f.7*/30 | Ms. heb. f. 7*.30 | The Bodleian Libraries, University of Oxford Ms. heb. f. 7*.30",NO_ID_LINKED,Field is empty
990053461160205171,"MS heb. f.7/44 | Ms. heb. f. 7.44 | The Bodleian Libraries, University of Oxford Ms. heb. f. 7.44",NO_ID_LINKED,Field is empty
990053477730205171,"MS heb. f.53/39 | Ms. heb. f. 53.39 | The Bodleian Libraries, University of Oxford Ms. heb. f. 53.39",NO_ID_LINKED,Field is empty
990053477370205171,"MS heb. f.53/3 | Ms. heb. f. 53.3 | The Bodleian Libraries, University of Oxford Ms. heb. f. 53.3",NO_ID_LINKED,Field is empty
990053477640205171,"MS heb. f.53/30 | Ms. heb. f. 53.30 | The Bodleian Libraries, University of Oxford Ms. heb. f. 53.30",NO_ID_LINKED,Field is empty
990053477190205171,"MS heb. f.52/80 | Ms. heb. f. 52.80 | The Bodleian Libraries, University of Oxford Ms. heb. f. 52.80",NO_ID_LINKED,Field is empty
990053478270205171,"MS heb. f.53/93 | Ms. heb. f. 53.93 | The Bodleian Libraries, University of Oxford Ms. heb. f. 53.93",NO_ID_LINKED,Field is empty
990053461070205171,"MS heb. f.7/35 | Ms. heb. f. 7.35 | The Bodleian Libraries, University of Oxford Ms. heb. f. 7.35",NO_ID_LINKED,Field is empty
990053477280205171,"MS heb. f.52/89 | Ms. heb. f. 52.89 | The Bodleian Libraries, University of Oxford Ms. heb. f. 52.89",NO_ID_LINKED,Field is empty
990053476650205171,"MS heb. f.52/26 | Ms. heb. f. 52.26 | The Bodleian Libraries, University of Oxford Ms. heb. f. 52.26",NO_ID_LINKED,Field is empty
990053460710205171,"MS heb. f.6/9 | Ms. heb. f. 6.9 | The Bodleian Libraries, University of Oxford Ms. heb. f. 6.9",NO_ID_LINKED,Field is empty
990053461430205171,"MS heb. f.7/71 | Ms. heb. f. 7.71 | The Bodleian Libraries, University of Oxford Ms. heb. f. 7.71",NO_ID_LINKED,Field is empty
990053476470205171,"MS heb. f.52/8 | Ms. heb. f. 52.8 | The Bodleian Libraries, University of Oxford Ms. heb. f. 52.8",NO_ID_LINKED,Field is empty
990053478180205171,"MS heb. f.53/84 | Ms. heb. f. 53.84 | The Bodleian Libraries, University of Oxford Ms. heb. f. 53.84",NO_ID_LINKED,Field is empty
990053460990205171,"MS heb. f.7/27 | Ms. heb. f. 7.27 | The Bodleian Libraries, University of Oxford Ms. heb. f. 7.27",NO_ID_LINKED,Field is empty
990053461610205171,"MS heb. f.7/89 | Ms. heb. f. 7.89 | The Bodleian Libraries, University of Oxford Ms. heb. f. 7.89",NO_ID_LINKED,Field is empty
990053477460205171,"MS heb. f.53/12 | Ms. heb. f. 53.12 | The Bodleian Libraries, University of Oxford Ms. heb. f. 53.12",NO_ID_LINKED,Field is empty
997008739663905171,"MS Heb. c.72/31 | Ms. heb. c. 72.31 | The Bodleian Libraries, University of Oxford Ms. heb. c. 72.31",NO_ID_LINKED,Field is empty
997008739662005171,"MS Heb. c.72/51-52 | Ms. heb. c. 72.51-52 | The Bodleian Libraries, University of Oxford Ms. heb. c. 72.51-52",NO_ID_LINKED,Field is empty
990053435970205171,"MS heb. e.39/176 | Ms. heb. e. 39.176 | The Bodleian Libraries, University of Oxford Ms. heb. e. 39.176",NO_ID_LINKED,Field is empty
990053461340205171,"MS heb. f.7/62 | Ms. heb. f. 7.62 | The Bodleian Libraries, University of Oxford Ms. heb. f. 7.62",NO_ID_LINKED,Field is empty
990053468370205171,"MS heb. f.31/5 | Ms. heb. f. 31.5 | The Bodleian Libraries, University of Oxford Ms. heb. f. 31.5",NO_ID_LINKED,Field is empty
990053462060205171,"MS heb. f.7*/21 | Ms. heb. f. 7*.21 | The Bodleian Libraries, University of Oxford Ms. heb. f. 7*.21",NO_ID_LINKED,Field is empty
990053461980205171,"MS heb. f.7*/13 | Ms. heb. f. 7*.13 | The Bodleian Libraries, University of Oxford Ms. heb. f. 7*.13",NO_ID_LINKED,Field is empty
990053477820205171,"MS heb. f.53/48 | Ms. heb. f. 53.48 | The Bodleian Libraries, University of Oxford Ms. heb. f. 53.48",NO_ID_LINKED,Field is empty
990053632160205171,"MS heb. e.47/7 | Ms. heb. e. 47.7 | The Bodleian Libraries, University of Oxford Ms. heb. e. 47.7",NO_ID_LINKED,Field is empty
990053462970205171,"MS heb. f.20/12 | Ms. heb. f. 20.12 | The Bodleian Libraries, University of Oxford Ms. heb. f. 20.12",NO_ID_LINKED,Field is empty
990053462880205171,"MS heb. f.20/3 | Ms. heb. f. 20.3 | The Bodleian Libraries, University of Oxford Ms. heb. f. 20.3",NO_ID_LINKED,Field is empty
990053492940205171,"MS heb. g.14/33 | Ms. heb. g. 14.33 | The Bodleian Libraries, University of Oxford Ms. heb. g. 14.33",NO_ID_LINKED,Field is empty
990053489700205171,"MS heb. f.114(P)/1 | Ms. aram. f. 1P.1 | Ms. heb. f. 114(P).1 | The Bodleian Libraries, University of Oxford Ms. aram. f. 1P.1 | The Bodleian Libraries, University of Oxford Ms. heb. f. 114(P).1",NO_ID_LINKED,Field is empty
990053413640205171,"MS heb. d.55/1 | Ms. heb. d. 55.1 | The Bodleian Libraries, University of Oxford Ms. heb. d. 55.1",NO_ID_LINKED,Field is empty
990053469360205171,"MS heb. f.33/1 | Ms. heb. f. 33.1 | The Bodleian Libraries, University of Oxford Ms. heb. f. 33.1",NO_ID_LINKED,Field is empty
990053460350205171,"MS heb. f.3/10 | Ms. heb. f. 3.10 | The Bodleian Libraries, University of Oxford Ms. heb. f. 3.10",NO_ID_LINKED,Field is empty
990053460530205171,"MS heb. f.4/5 | Ms. heb. f. 4.5 | The Bodleian Libraries, University of Oxford Ms. heb. f. 4.5",NO_ID_LINKED,Field is empty
997008739665705171,"Ms. heb. c. 72.4 | The Bodleian Libraries, University of Oxford Ms. heb. c. 72.4",NO_ID_LINKED,Field is empty
990053460260205171,"MS heb. f.3/1 | Ms. heb. f. 3.1 | The Bodleian Libraries, University of Oxford Ms. heb. f. 3.1",NO_ID_LINKED,Field is empty
997008739659405171,"MS Heb. c.72/14 | Ms. heb. c. 72.14 | The Bodleian Libraries, University of Oxford Ms. heb. c. 72.14",NO_ID_LINKED,Field is empty
990053460170205171,"MS heb. f.2/21 | Ms. heb. f. 2.21 | The Bodleian Libraries, University of Oxford Ms. heb. f. 2.21",NO_ID_LINKED,Field is empty
990053461890205171,"MS heb. f.7*/4 | Ms. heb. f. 7*.4 | The Bodleian Libraries, University of Oxford Ms. heb. f. 7*.4",NO_ID_LINKED,Field is empty
990053460080205171,"MS heb. f.2/12 | Ms. heb. f. 2.12 | The Bodleian Libraries, University of Oxford Ms. heb. f. 2.12",NO_ID_LINKED,Field is empty
990053460810205171,"MS heb. f.7/9 | Ms. heb. f. 7.9 | The Bodleian Libraries, University of Oxford Ms. heb. f. 7.9",NO_ID_LINKED,Field is empty
990053477560205171,"MS heb. f.53/22 | Ms. heb. f. 53.22 | The Bodleian Libraries, University of Oxford Ms. heb. f. 53.22",NO_ID_LINKED,Field is empty
990053461530205171,"MS heb. f.7/81 | Ms. heb. f. 7.81 | The Bodleian Libraries, University of Oxford Ms. heb. f. 7.81",NO_ID_LINKED,Field is empty
990053459740205171,"MS heb. e.115/8 | Ms. heb. e. 115.8 | The Bodleian Libraries, University of Oxford Ms. heb. e. 115.8",NO_ID_LINKED,Field is empty
990053430660205171,"MS heb. e.35/1 | Ms. heb. e. 35.1 | The Bodleian Libraries, University of Oxford Ms. heb. e. 35.1",NO_ID_LINKED,Field is empty
990053476480205171,"MS heb. f.52/9 | Ms. heb. f. 52.9 | The Bodleian Libraries, University of Oxford Ms. heb. f. 52.9",NO_ID_LINKED,Field is empty
990053461350205171,"MS heb. f.7/63 | Ms. heb. f. 7.63 | The Bodleian Libraries, University of Oxford Ms. heb. f. 7.63",NO_ID_LINKED,Field is empty
990053477920205171,"MS heb. f.53/58 | Ms. heb. f. 53.58 | The Bodleian Libraries, University of Oxford Ms. heb. f. 53.58",NO_ID_LINKED,Field is empty
990053461710205171,"MS heb. f.7/99 | Ms. heb. f. 7.99 | The Bodleian Libraries, University of Oxford Ms. heb. f. 7.99",NO_ID_LINKED,Field is empty
990053461990205171,"MS heb. f.7*/14 | Ms. heb. f. 7*.14 | The Bodleian Libraries, University of Oxford Ms. heb. f. 7*.14",NO_ID_LINKED,Field is empty
997008739665805171,"MS Heb. c.72/3 | Ms. heb. c. 72.3 | The Bodleian Libraries, University of Oxford Ms. heb. c. 72.3",NO_ID_LINKED,Field is empty
990053462160205171,"MS heb. f.7*/31 | Ms. heb. f. 7*.31 | The Bodleian Libraries, University of Oxford Ms. heb. f. 7*.31",NO_ID_LINKED,Field is empty
990053476840205171,"MS heb. f.52/45 | Ms. heb. f. 52.45 | The Bodleian Libraries, University of Oxford Ms. heb. f. 52.45",NO_ID_LINKED,Field is empty
997008739658605171,"MS Heb. C.64/4 | Ms. heb. c. 64.4 | The Bodleian Libraries, University of Oxford Ms. heb. c. 64.4",NO_ID_LINKED,Field is empty
997008739657705171,"MS Heb. C.64/13 | Ms. heb. c. 64.13 | The Bodleian Libraries, University of Oxford Ms. heb. c. 64.13",NO_ID_LINKED,Field is empty
990053477010205171,"MS heb. f.52/62 | Ms. heb. f. 52.62 | The Bodleian Libraries, University of Oxford Ms. heb. f. 52.62",NO_ID_LINKED,Field is empty
990053476930205171,"MS heb. f.52/54 | Ms. heb. f. 52.54 | The Bodleian Libraries, University of Oxford Ms. heb. f. 52.54",NO_ID_LINKED,Field is empty
990053477100205171,"MS heb. f.52/71 | Ms. heb. f. 52.71 | The Bodleian Libraries, University of Oxford Ms. heb. f. 52.71",NO_ID_LINKED,Field is empty
990053478280205171,"MS heb. f.53/94 | Ms. heb. f. 53.94 | The Bodleian Libraries, University of Oxford Ms. heb. f. 53.94",NO_ID_LINKED,Field is empty
990053461170205171,"MS heb. f.7/45 | Ms. heb. f. 7.45 | The Bodleian Libraries, University of Oxford Ms. heb. f. 7.45",NO_ID_LINKED,Field is empty
990053477470205171,"MS heb. f.53/13 | Ms. heb. f. 53.13 | The Bodleian Libraries, University of Oxford Ms. heb. f. 53.13",NO_ID_LINKED,Field is empty
990053460450205171,"MS heb. f.3/20 | Ms. heb. f. 3.20 | The Bodleian Libraries, University of Oxford Ms. heb. f. 3.20",NO_ID_LINKED,Field is empty
990053459830205171,"MS heb. e.115/17 | Ms. heb. e. 115.17 | The Bodleian Libraries, University of Oxford Ms. heb. e. 115.17",NO_ID_LINKED,Field is empty
997008739663005171,"MS Heb. c.72/41 | Ms. heb. c. 72.41 | The Bodleian Libraries, University of Oxford Ms. heb. c. 72.41",NO_ID_LINKED,Field is empty
990053460900205171,"MS heb. f.7/18 | Ms. heb. f. 7.18 | The Bodleian Libraries, University of Oxford Ms. heb. f. 7.18",NO_ID_LINKED,Field is empty
990053462070205171,"MS heb. f.7*/22 | Ms. heb. f. 7*.22 | The Bodleian Libraries, University of Oxford Ms. heb. f. 7*.22",NO_ID_LINKED,Field is empty
990053476750205171,"MS heb. f.52/36 | Ms. heb. f. 52.36 | The Bodleian Libraries, University of Oxford Ms. heb. f. 52.36",NO_ID_LINKED,Field is empty
990053477650205171,"MS heb. f.53/31 | Ms. heb. f. 53.31 | The Bodleian Libraries, University of Oxford Ms. heb. f. 53.31",NO_ID_LINKED,Field is empty
997008739662105171,"MS Heb. c.72/50 | Ms. heb. c. 72.50 | The Bodleian Libraries, University of Oxford Ms. heb. c. 72.50",NO_ID_LINKED,Field is empty
997008739664905171,"MS Heb. c.72/19 | Ms. heb. c. 72.19 | The Bodleian Libraries, University of Oxford Ms. heb. c. 72.19",NO_ID_LINKED,Field is empty
990053478000205171,"MS heb. f.53/66 | Ms. heb. f. 53.66 | The Bodleian Libraries, University of Oxford Ms. heb. f. 53.66",NO_ID_LINKED,Field is empty
990053477290205171,"MS heb. f.52/90 | Ms. heb. f. 52.90 | The Bodleian Libraries, University of Oxford Ms. heb. f. 52.90",NO_ID_LINKED,Field is empty
990053468380205171,"MS heb. f.31/6 | Ms. heb. f. 31.6 | The Bodleian Libraries, University of Oxford Ms. heb. f. 31.6",NO_ID_LINKED,Field is empty
990053476660205171,"MS heb. f.52/27 | Ms. heb. f. 52.27 | The Bodleian Libraries, University of Oxford Ms. heb. f. 52.27",NO_ID_LINKED,Field is empty
990053477740205171,"MS heb. f.53/40 | Ms. heb. f. 53.40 | The Bodleian Libraries, University of Oxford Ms. heb. f. 53.40",NO_ID_LINKED,Field is empty
990053468470205171,"MS heb. f.31/15 | Ms. heb. f. 31.15 | The Bodleian Libraries, University of Oxford Ms. heb. f. 31.15",NO_ID_LINKED,Field is empty
990053478190205171,"MS heb. f.53/85 | Ms. heb. f. 53.85 | The Bodleian Libraries, University of Oxford Ms. heb. f. 53.85",NO_ID_LINKED,Field is empty
990053476570205171,"MS heb. f.52/18 | Ms. heb. f. 52.18 | The Bodleian Libraries, University of Oxford Ms. heb. f. 52.18",NO_ID_LINKED,Field is empty
990053461260205171,"MS heb. f.7/54 | Ms. heb. f. 7.54 | The Bodleian Libraries, University of Oxford Ms. heb. f. 7.54",NO_ID_LINKED,Field is empty
990053461440205171,"MS heb. f.7/72 | Ms. heb. f. 7.72 | The Bodleian Libraries, University of Oxford Ms. heb. f. 7.72",NO_ID_LINKED,Field is empty
990053461620205171,"MS heb. f.7/90 | Ms. heb. f. 7.90 | The Bodleian Libraries, University of Oxford Ms. heb. f. 7.90",NO_ID_LINKED,Field is empty
990053461800205171,"MS heb. f.7/108 | Ms. heb. f. 7.108 | The Bodleian Libraries, University of Oxford Ms. heb. f. 7.108",NO_ID_LINKED,Field is empty
990053460630205171,"MS heb. f.6/1 | Ms. heb. f. 6.1 | The Bodleian Libraries, University of Oxford Ms. heb. f. 6.1",NO_ID_LINKED,Field is empty
990053434260205171,"MS heb. e.39/1 | Ms. heb. e. 39.1 | The Bodleian Libraries, University of Oxford Ms. heb. e. 39.1",NO_ID_LINKED,Field is empty
990053435980205171,"MS heb. e.39/177 | Ms. heb. e. 39.177 | The Bodleian Libraries, University of Oxford Ms. heb. e. 39.177",NO_ID_LINKED,Field is empty
990053477380205171,"MS heb. f.53/4 | Ms. heb. f. 53.4 | The Bodleian Libraries, University of Oxford Ms. heb. f. 53.4",NO_ID_LINKED,Field is empty
990053477830205171,"MS heb. f.53/49 | Ms. heb. f. 53.49 | The Bodleian Libraries, University of Oxford Ms. heb. f. 53.49",NO_ID_LINKED,Field is empty
990053632170205171,"MS heb. e.47/8 | Ms. heb. e. 47.8 | The Bodleian Libraries, University of Oxford Ms. heb. e. 47.8",NO_ID_LINKED,Field is empty
990053462890205171,"MS heb. f.20/4 | Ms. heb. f. 20.4 | The Bodleian Libraries, University of Oxford Ms. heb. f. 20.4",NO_ID_LINKED,Field is empty
990053492680205171,"MS heb. g.14/7 | Ms. heb. g. 14.7 | The Bodleian Libraries, University of Oxford Ms. heb. g. 14.7",NO_ID_LINKED,Field is empty
990053462980205171,"MS heb. f.20/13 | Ms. heb. f. 20.13 | The Bodleian Libraries, University of Oxford Ms. heb. f. 20.13",NO_ID_LINKED,Field is empty
990053461080205171,"MS heb. f.7/36 | Ms. heb. f. 7.36 | The Bodleian Libraries, University of Oxford Ms. heb. f. 7.36",NO_ID_LINKED,Field is empty
990053452990205171,"MS heb. e.84(P)/1 | Ms. heb. e. 84(P).1 | The Bodleian Libraries, University of Oxford Ms. heb. e. 84(P).1",NO_ID_LINKED,Field is empty
990053460540205171,"MS heb. f.4/6 | Ms. heb. f. 4.6 | The Bodleian Libraries, University of Oxford Ms. heb. f. 4.6",NO_ID_LINKED,Field is empty
990053442900205171,"MS heb. e.50/72 | Ms. heb. e. 50.72 | The Bodleian Libraries, University of Oxford Ms. heb. e. 50.72",NO_ID_LINKED,Field is empty
990053460360205171,"MS heb. f.3/11 | Ms. heb. f. 3.11 | The Bodleian Libraries, University of Oxford Ms. heb. f. 3.11",NO_ID_LINKED,Field is empty
997008739659505171,"MS Heb. c.72/11 | Ms. heb. c. 72.11 | The Bodleian Libraries, University of Oxford Ms. heb. c. 72.11",NO_ID_LINKED,Field is empty
990053460180205171,"MS heb. f.2/22 | Ms. heb. f. 2.22 | The Bodleian Libraries, University of Oxford Ms. heb. f. 2.22",NO_ID_LINKED,Field is empty
990053460090205171,"MS heb. f.2/13 | Ms. heb. f. 2.13 | The Bodleian Libraries, University of Oxford Ms. heb. f. 2.13",NO_ID_LINKED,Field is empty
990053460270205171,"MS heb. f.3/2 | Ms. heb. f. 3.2 | The Bodleian Libraries, University of Oxford Ms. heb. f. 3.2",NO_ID_LINKED,Field is empty
990053492860205171,"MS heb. g.14/25 | Ms. heb. g. 14.25 | The Bodleian Libraries, University of Oxford Ms. heb. g. 14.25",NO_ID_LINKED,Field is empty
990053492770205171,"MS heb. g.14/16 | Ms. heb. g. 14.16 | The Bodleian Libraries, University of Oxford Ms. heb. g. 14.16",NO_ID_LINKED,Field is empty
990053478010205171,"MS heb. f.53/67 | Ms. heb. f. 53.67 | The Bodleian Libraries, University of Oxford Ms. heb. f. 53.67",NO_ID_LINKED,Field is empty
990053461090205171,"MS heb. f.7/37 | Ms. heb. f. 7.37 | The Bodleian Libraries, University of Oxford Ms. heb. f. 7.37",NO_ID_LINKED,Field is empty
990053461540205171,"MS heb. f.7/82 | Ms. heb. f. 7.82 | The Bodleian Libraries, University of Oxford Ms. heb. f. 7.82",NO_ID_LINKED,Field is empty
997008739658705171,"MS Heb. C.64/3 | Ms. heb. c. 64.3 | The Bodleian Libraries, University of Oxford Ms. heb. c. 64.3",NO_ID_LINKED,Field is empty
990053492870205171,"MS heb. g.14/26 | Ms. heb. g. 14.26 | The Bodleian Libraries, University of Oxford Ms. heb. g. 14.26",NO_ID_LINKED,Field is empty
990053461630205171,"MS heb. f.7/91 | Ms. heb. f. 7.91 | The Bodleian Libraries, University of Oxford Ms. heb. f. 7.91",NO_ID_LINKED,Field is empty
990053460820205171,"MS heb. f.7/10 | Ms. heb. f. 7.10 | The Bodleian Libraries, University of Oxford Ms. heb. f. 7.10",NO_ID_LINKED,Field is empty
990053476490205171,"MS heb. f.52/10 | Ms. heb. f. 52.10 | The Bodleian Libraries, University of Oxford Ms. heb. f. 52.10",NO_ID_LINKED,Field is empty
990053460910205171,"MS heb. f.7/19 | Ms. heb. f. 7.19 | The Bodleian Libraries, University of Oxford Ms. heb. f. 7.19",NO_ID_LINKED,Field is empty
990053461270205171,"MS heb. f.7/55 | Ms. heb. f. 7.55 | The Bodleian Libraries, University of Oxford Ms. heb. f. 7.55",NO_ID_LINKED,Field is empty
990053461810205171,"MS heb. f.7/109 | Ms. heb. f. 7.109 | The Bodleian Libraries, University of Oxford Ms. heb. f. 7.109",NO_ID_LINKED,Field is empty
990053478100205171,"MS heb. f.53/76 | Ms. heb. f. 53.76 | The Bodleian Libraries, University of Oxford Ms. heb. f. 53.76",NO_ID_LINKED,Field is empty
990053468390205171,"MS heb. f.31/7 | Ms. heb. f. 31.7 | The Bodleian Libraries, University of Oxford Ms. heb. f. 31.7",NO_ID_LINKED,Field is empty
997008739665905171,"MS Heb. c.72/2 | Ms. heb. c. 72.2 | The Bodleian Libraries, University of Oxford Ms. heb. c. 72.2",NO_ID_LINKED,Field is empty
997008739664005171,"MS Heb. c.72/30 | Ms. heb. c. 72.30 | The Bodleian Libraries, University of Oxford Ms. heb. c. 72.30",NO_ID_LINKED,Field is empty
990053462170205171,"MS heb. f.7*/32 | Ms. heb. f. 7*.32 | The Bodleian Libraries, University of Oxford Ms. heb. f. 7*.32",NO_ID_LINKED,Field is empty
990053461720205171,"MS heb. f.7/100 | Ms. heb. f. 7.100 | The Bodleian Libraries, University of Oxford Ms. heb. f. 7.100",NO_ID_LINKED,Field is empty
990053461450205171,"MS heb. f.7/73 | Ms. heb. f. 7.73 | The Bodleian Libraries, University of Oxford Ms. heb. f. 7.73",NO_ID_LINKED,Field is empty
990053462080205171,"MS heb. f.7*/23 | Ms. heb. f. 7*.23 | The Bodleian Libraries, University of Oxford Ms. heb. f. 7*.23",NO_ID_LINKED,Field is empty
990053435990205171,"MS heb. e.39/178 | Ms. heb. e. 39.178 | The Bodleian Libraries, University of Oxford Ms. heb. e. 39.178",NO_ID_LINKED,Field is empty
990053477750205171,"MS heb. f.53/41 | Ms. heb. f. 53.41 | The Bodleian Libraries, University of Oxford Ms. heb. f. 53.41",NO_ID_LINKED,Field is empty
990053477930205171,"MS heb. f.53/59 | Ms. heb. f. 53.59 | The Bodleian Libraries, University of Oxford Ms. heb. f. 53.59",NO_ID_LINKED,Field is empty
990053476670205171,"MS heb. f.52/28 | Ms. heb. f. 52.28 | The Bodleian Libraries, University of Oxford Ms. heb. f. 52.28",NO_ID_LINKED,Field is empty
990053461180205171,"MS heb. f.7/46 | Ms. heb. f. 7.46 | The Bodleian Libraries, University of Oxford Ms. heb. f. 7.46",NO_ID_LINKED,Field is empty
990053460640205171,"MS heb. f.6/2 | Ms. heb. f. 6.2 | The Bodleian Libraries, University of Oxford Ms. heb. f. 6.2",NO_ID_LINKED,Field is empty
997008739663105171,"MS Heb. c.72/40 | Ms. heb. c. 72.40 | The Bodleian Libraries, University of Oxford Ms. heb. c. 72.40",NO_ID_LINKED,Field is empty
990053478290205171,"MS heb. f.53/95 | Ms. heb. f. 53.95 | The Bodleian Libraries, University of Oxford Ms. heb. f. 53.95",NO_ID_LINKED,Field is empty
990053477110205171,"MS heb. f.52/72 | Ms. heb. f. 52.72 | The Bodleian Libraries, University of Oxford Ms. heb. f. 52.72",NO_ID_LINKED,Field is empty
990053477840205171,"MS heb. f.53/50 | Ms. heb. f. 53.50 | The Bodleian Libraries, University of Oxford Ms. heb. f. 53.50",NO_ID_LINKED,Field is empty
990053476580205171,"MS heb. f.52/19 | Ms. heb. f. 52.19 | The Bodleian Libraries, University of Oxford Ms. heb. f. 52.19",NO_ID_LINKED,Field is empty
990053398730205171,"MS heb. c.27/93 | Ms. heb. c. 27.93 | The Bodleian Libraries, University of Oxford Ms. heb. c. 27.93",NO_ID_LINKED,Field is empty
990053477480205171,"MS heb. f.53/14 | Ms. heb. f. 53.14 | The Bodleian Libraries, University of Oxford Ms. heb. f. 53.14",NO_ID_LINKED,Field is empty
990053476760205171,"MS heb. f.52/37 | Ms. heb. f. 52.37 | The Bodleian Libraries, University of Oxford Ms. heb. f. 52.37",NO_ID_LINKED,Field is empty
990053477200205171,"MS heb. f.52/81 | Ms. heb. f. 52.81 | The Bodleian Libraries, University of Oxford Ms. heb. f. 52.81",NO_ID_LINKED,Field is empty
990053477390205171,"MS heb. f.53/5 | Ms. heb. f. 53.5 | The Bodleian Libraries, University of Oxford Ms. heb. f. 53.5",NO_ID_LINKED,Field is empty
990053461360205171,"MS heb. f.7/64 | Ms. heb. f. 7.64 | The Bodleian Libraries, University of Oxford Ms. heb. f. 7.64",NO_ID_LINKED,Field is empty
990053477020205171,"MS heb. f.52/63 | Ms. heb. f. 52.63 | The Bodleian Libraries, University of Oxford Ms. heb. f. 52.63",NO_ID_LINKED,Field is empty
990053476850205171,"MS heb. f.52/46 | Ms. heb. f. 52.46 | The Bodleian Libraries, University of Oxford Ms. heb. f. 52.46",NO_ID_LINKED,Field is empty
990053460550205171,"MS heb. f.5/1 | Ms. heb. f. 5.1 | The Bodleian Libraries, University of Oxford Ms. heb. f. 5.1",NO_ID_LINKED,Field is empty
990053459750205171,"MS heb. e.115/9 | Ms. heb. e. 115.9 | The Bodleian Libraries, University of Oxford Ms. heb. e. 115.9",NO_ID_LINKED,Field is empty
990053459930205171,"MS heb. e.115/27 | Ms. heb. e. 115.27 | The Bodleian Libraries, University of Oxford Ms. heb. e. 115.27",NO_ID_LINKED,Field is empty
990053492960205171,"MS heb. g.14/35 | Ms. heb. g. 14.35 | The Bodleian Libraries, University of Oxford Ms. heb. g. 14.35",NO_ID_LINKED,Field is empty
990053476940205171,"MS heb. f.52/55 | Ms. heb. f. 52.55 | The Bodleian Libraries, University of Oxford Ms. heb. f. 52.55",NO_ID_LINKED,Field is empty
990053477570205171,"MS heb. f.53/23 | Ms. heb. f. 53.23 | The Bodleian Libraries, University of Oxford Ms. heb. f. 53.23",NO_ID_LINKED,Field is empty
997008739657805171,"MS Heb. C.64/12 | Ms. heb. c. 64.12 | The Bodleian Libraries, University of Oxford Ms. heb. c. 64.12",NO_ID_LINKED,Field is empty
990053468480205171,"MS heb. f.31/16 | Ms. heb. f. 31.16 | The Bodleian Libraries, University of Oxford Ms. heb. f. 31.16",NO_ID_LINKED,Field is empty
990053462990205171,"MS heb. f.20/14 | Ms. heb. f. 20.14 | The Bodleian Libraries, University of Oxford Ms. heb. f. 20.14",NO_ID_LINKED,Field is empty
990053632180205171,"MS heb. e.47/9 | Ms. heb. e. 47.9 | The Bodleian Libraries, University of Oxford Ms. heb. e. 47.9",NO_ID_LINKED,Field is empty
990053632360205171,"MS heb. e.50/1 | Ms. heb. e. 50.1 | The Bodleian Libraries, University of Oxford Ms. heb. e. 50.1",NO_ID_LINKED,Field is empty
997008739659605171,"MS Heb. c.72/10 | Ms. heb. c. 72.10 | The Bodleian Libraries, University of Oxford Ms. heb. c. 72.10",NO_ID_LINKED,Field is empty
990053492690205171,"MS heb. g.14/8 | Ms. heb. g. 14.8 | The Bodleian Libraries, University of Oxford Ms. heb. g. 14.8",NO_ID_LINKED,Field is empty
990053460370205171,"MS heb. f.3/12 | Ms. heb. f. 3.12 | The Bodleian Libraries, University of Oxford Ms. heb. f. 3.12",NO_ID_LINKED,Field is empty
990053477660205171,"MS heb. f.53/32 | Ms. heb. f. 53.32 | The Bodleian Libraries, University of Oxford Ms. heb. f. 53.32",NO_ID_LINKED,Field is empty
990053492780205171,"MS heb. g.14/17 | Ms. heb. g. 14.17 | The Bodleian Libraries, University of Oxford Ms. heb. g. 14.17",NO_ID_LINKED,Field is empty
990053460280205171,"MS heb. f.3/3 | Ms. heb. f. 3.3 | The Bodleian Libraries, University of Oxford Ms. heb. f. 3.3",NO_ID_LINKED,Field is empty
990053460000205171,"MS heb. f.2/4 | Ms. heb. f. 2.4 | The Bodleian Libraries, University of Oxford Ms. heb. f. 2.4",NO_ID_LINKED,Field is empty
990053461900205171,"MS heb. f.7*/5 | Ms. heb. f. 7*.5 | The Bodleian Libraries, University of Oxford Ms. heb. f. 7*.5",NO_ID_LINKED,Field is empty
990053460190205171,"MS heb. f.2/23 | Ms. heb. f. 2.23 | The Bodleian Libraries, University of Oxford Ms. heb. f. 2.23",NO_ID_LINKED,Field is empty
997008739662205171,"MS Heb. c.72/49 | Ms. heb. c. 72.49 | The Bodleian Libraries, University of Oxford Ms. heb. c. 72.49",NO_ID_LINKED,Field is empty
990053462090205171,"MS heb. f.7*/24 | Ms. heb. f. 7*.24 | The Bodleian Libraries, University of Oxford Ms. heb. f. 7*.24",NO_ID_LINKED,Field is empty
990053477670205171,"MS heb. f.53/33 | Ms. heb. f. 53.33 | The Bodleian Libraries, University of Oxford Ms. heb. f. 53.33",NO_ID_LINKED,Field is empty
990053460560205171,"MS heb. f.5/2 | Ms. heb. f. 5.2 | The Bodleian Libraries, University of Oxford Ms. heb. f. 5.2",NO_ID_LINKED,Field is empty
990053462180205171,"MS heb. f.7*/33 | Ms. heb. f. 7*.33 | The Bodleian Libraries, University of Oxford Ms. heb. f. 7*.33",NO_ID_LINKED,Field is empty
990053461370205171,"MS heb. f.7/65 | Ms. heb. f. 7.65 | The Bodleian Libraries, University of Oxford Ms. heb. f. 7.65",NO_ID_LINKED,Field is empty
990053461640205171,"MS heb. f.7/92 | Ms. heb. f. 7.92 | The Bodleian Libraries, University of Oxford Ms. heb. f. 7.92",NO_ID_LINKED,Field is empty
990053478110205171,"MS heb. f.53/77 | Ms. heb. f. 53.77 | The Bodleian Libraries, University of Oxford Ms. heb. f. 53.77",NO_ID_LINKED,Field is empty
990053478200205171,"MS heb. f.53/86 | Ms. heb. f. 53.86 | The Bodleian Libraries, University of Oxford Ms. heb. f. 53.86",NO_ID_LINKED,Field is empty
990053477300205171,"MS heb. f.52/91 | Ms. heb. f. 52.91 | The Bodleian Libraries, University of Oxford Ms. heb. f. 52.91",NO_ID_LINKED,Field is empty
990053468490205171,"MS heb. f.31/17 | Ms. heb. f. 31.17 | The Bodleian Libraries, University of Oxford Ms. heb. f. 31.17",NO_ID_LINKED,Field is empty
990053460920205171,"MS heb. f.7/20 | Ms. heb. f. 7.20 | The Bodleian Libraries, University of Oxford Ms. heb. f. 7.20",NO_ID_LINKED,Field is empty
990053461910205171,"MS heb. f.7*/6 | Ms. heb. f. 7*.6 | The Bodleian Libraries, University of Oxford Ms. heb. f. 7*.6",NO_ID_LINKED,Field is empty
990053477120205171,"MS heb. f.52/73 | Ms. heb. f. 52.73 | The Bodleian Libraries, University of Oxford Ms. heb. f. 52.73",NO_ID_LINKED,Field is empty
990053477210205171,"MS heb. f.52/82 | Ms. heb. f. 52.82 | The Bodleian Libraries, University of Oxford Ms. heb. f. 52.82",NO_ID_LINKED,Field is empty
990053478020205171,"MS heb. f.53/68 | Ms. heb. f. 53.68 | The Bodleian Libraries, University of Oxford Ms. heb. f. 53.68",NO_ID_LINKED,Field is empty
990053461730205171,"MS heb. f.7/101 | Ms. heb. f. 7.101 | The Bodleian Libraries, University of Oxford Ms. heb. f. 7.101",NO_ID_LINKED,Field is empty
990053492880205171,"MS heb. g.14/27 | Ms. heb. g. 14.27 | The Bodleian Libraries, University of Oxford Ms. heb. g. 14.27",NO_ID_LINKED,Field is empty
990053476680205171,"MS heb. f.52/29 | Ms. heb. f. 52.29 | The Bodleian Libraries, University of Oxford Ms. heb. f. 52.29",NO_ID_LINKED,Field is empty
997008739772105171,"MS heb. f.111 | Ms. heb. f. 111 | The Bodleian Libraries, University of Oxford Ms. heb. f. 111",NO_ID_LINKED,Field is empty
990053461280205171,"MS heb. f.7/56 | Ms. heb. f. 7.56 | The Bodleian Libraries, University of Oxford Ms. heb. f. 7.56",NO_ID_LINKED,Field is empty
990053476950205171,"MS heb. f.52/56 | Ms. heb. f. 52.56 | The Bodleian Libraries, University of Oxford Ms. heb. f. 52.56",NO_ID_LINKED,Field is empty
990053460650205171,"MS heb. f.6/3 | Ms. heb. f. 6.3 | The Bodleian Libraries, University of Oxford Ms. heb. f. 6.3",NO_ID_LINKED,Field is empty
997008739657905171,"MS Heb. C.64/11 | Ms. heb. c. 64.11 | The Bodleian Libraries, University of Oxford Ms. heb. c. 64.11",NO_ID_LINKED,Field is empty
990053461460205171,"MS heb. f.7/74 | Ms. heb. f. 7.74 | The Bodleian Libraries, University of Oxford Ms. heb. f. 7.74",NO_ID_LINKED,Field is empty
990053476860205171,"MS heb. f.52/47 | Ms. heb. f. 52.47 | The Bodleian Libraries, University of Oxford Ms. heb. f. 52.47",NO_ID_LINKED,Field is empty
990053460740205171,"MS heb. f.7/2 | Ms. heb. f. 7.2 | The Bodleian Libraries, University of Oxford Ms. heb. f. 7.2",NO_ID_LINKED,Field is empty
990053460830205171,"MS heb. f.7/11 | Ms. heb. f. 7.11 | The Bodleian Libraries, University of Oxford Ms. heb. f. 7.11",NO_ID_LINKED,Field is empty
990053477940205171,"MS heb. f.53/60 | Ms. heb. f. 53.60 | The Bodleian Libraries, University of Oxford Ms. heb. f. 53.60",NO_ID_LINKED,Field is empty
990053477490205171,"MS heb. f.53/15 | Ms. heb. f. 53.15 | The Bodleian Libraries, University of Oxford Ms. heb. f. 53.15",NO_ID_LINKED,Field is empty
990053477580205171,"MS heb. f.53/24 | Ms. heb. f. 53.24 | The Bodleian Libraries, University of Oxford Ms. heb. f. 53.24",NO_ID_LINKED,Field is empty
990053459670205171,"MS heb. e.115/1 | Ms. heb. e. 115.1 | The Bodleian Libraries, University of Oxford Ms. heb. e. 115.1",NO_ID_LINKED,Field is empty
997008739658805171,"MS Heb. C.64/2 | Ms. heb. c. 64.2 | The Bodleian Libraries, University of Oxford Ms. heb. c. 64.2",NO_ID_LINKED,Field is empty
990053477760205171,"MS heb. f.53/42 | Ms. heb. f. 53.42 | The Bodleian Libraries, University of Oxford Ms. heb. f. 53.42",NO_ID_LINKED,Field is empty
990053477850205171,"MS heb. f.53/51 | Ms. heb. f. 53.51 | The Bodleian Libraries, University of Oxford Ms. heb. f. 53.51",NO_ID_LINKED,Field is empty
990053476590205171,"MS heb. f.52/20 | Ms. heb. f. 52.20 | The Bodleian Libraries, University of Oxford Ms. heb. f. 52.20",NO_ID_LINKED,Field is empty
990053476770205171,"MS heb. f.52/38 | Ms. heb. f. 52.38 | The Bodleian Libraries, University of Oxford Ms. heb. f. 52.38",NO_ID_LINKED,Field is empty
990053461820205171,"MS heb. f.7/110 | Ms. heb. f. 7.110 | The Bodleian Libraries, University of Oxford Ms. heb. f. 7.110",NO_ID_LINKED,Field is empty
990053398740205171,"MS heb. c.27/94 | Ms. heb. c. 27.94 | The Bodleian Libraries, University of Oxford Ms. heb. c. 27.94",NO_ID_LINKED,Field is empty
990053477030205171,"MS heb. f.52/64 | Ms. heb. f. 52.64 | The Bodleian Libraries, University of Oxford Ms. heb. f. 52.64",NO_ID_LINKED,Field is empty
990053476400205171,"MS heb. f.52/1 | Ms. heb. f. 52.1 | The Bodleian Libraries, University of Oxford Ms. heb. f. 52.1",NO_ID_LINKED,Field is empty
990053461190205171,"MS heb. f.7/47 | Ms. heb. f. 7.47 | The Bodleian Libraries, University of Oxford Ms. heb. f. 7.47",NO_ID_LINKED,Field is empty
990053492970205171,"MS heb. g.14/36 | Ms. heb. g. 14.36 | The Bodleian Libraries, University of Oxford Ms. heb. g. 14.36",NO_ID_LINKED,Field is empty
990053626070205171,"MS heb. d.46/154 | Ms. heb. d. 46.154 | The Bodleian Libraries, University of Oxford Ms. heb. d. 46.154",NO_ID_LINKED,Field is empty
990053461550205171,"MS heb. f.7/83 | Ms. heb. f. 7.83 | The Bodleian Libraries, University of Oxford Ms. heb. f. 7.83",NO_ID_LINKED,Field is empty
997008739665005171,"MS Heb. c.72/18 | Ms. heb. c. 72.18 | The Bodleian Libraries, University of Oxford Ms. heb. c. 72.18",NO_ID_LINKED,Field is empty
990053461000205171,"MS heb. f.7/28 | Ms. heb. f. 7.28 | The Bodleian Libraries, University of Oxford Ms. heb. f. 7.28",NO_ID_LINKED,Field is empty
990053459940205171,"MS heb. e.115/28 | Ms. heb. e. 115.28 | The Bodleian Libraries, University of Oxford Ms. heb. e. 115.28",NO_ID_LINKED,Field is empty
990053632370205171,"MS heb. e.50/2 | Ms. heb. e. 50.2 | The Bodleian Libraries, University of Oxford Ms. heb. e. 50.2",NO_ID_LINKED,Field is empty
990053462900205171,"MS heb. f.20/5 | Ms. heb. f. 20.5 | The Bodleian Libraries, University of Oxford Ms. heb. f. 20.5",NO_ID_LINKED,Field is empty
990053413300205171,"MS heb. d.51/153 | Ms. heb. d. 51.153 | The Bodleian Libraries, University of Oxford Ms. heb. d. 51.153",NO_ID_LINKED,Field is empty
990053460100205171,"MS heb. f.2/14 | Ms. heb. f. 2.14 | The Bodleian Libraries, University of Oxford Ms. heb. f. 2.14",NO_ID_LINKED,Field is empty
997008739663205171,"MS Heb. c.72/39 | Ms. heb. c. 72.39 | The Bodleian Libraries, University of Oxford Ms. heb. c. 72.39",NO_ID_LINKED,Field is empty
990053460290205171,"MS heb. f.3/4 | Ms. heb. f. 3.4 | The Bodleian Libraries, University of Oxford Ms. heb. f. 3.4",NO_ID_LINKED,Field is empty
990053460470205171,"MS heb. f.3/22 | Ms. heb. f. 3.22 | The Bodleian Libraries, University of Oxford Ms. heb. f. 3.22",NO_ID_LINKED,Field is empty
990053460010205171,"MS heb. f.2/5 | Ms. heb. f. 2.5 | The Bodleian Libraries, University of Oxford Ms. heb. f. 2.5",NO_ID_LINKED,Field is empty
997008739662305171,"MS Heb. c.72/48 | Ms. heb. c. 72.48 | The Bodleian Libraries, University of Oxford Ms. heb. c. 72.48",NO_ID_LINKED,Field is empty
990053460380205171,"MS heb. f.3/13 | Ms. heb. f. 3.13 | The Bodleian Libraries, University of Oxford Ms. heb. f. 3.13",NO_ID_LINKED,Field is empty
990053461560205171,"MS heb. f.7/84 | Ms. heb. f. 7.84 | The Bodleian Libraries, University of Oxford Ms. heb. f. 7.84",NO_ID_LINKED,Field is empty
990053461920205171,"MS heb. f.7*/7 | Ms. heb. f. 7*.7 | The Bodleian Libraries, University of Oxford Ms. heb. f. 7*.7",NO_ID_LINKED,Field is empty
990053459950205171,"MS heb. e.115/29 | Ms. heb. e. 115.29 | The Bodleian Libraries, University of Oxford Ms. heb. e. 115.29",NO_ID_LINKED,Field is empty
990053459770205171,"MS heb. e.115/11 | Ms. heb. e. 115.11 | The Bodleian Libraries, University of Oxford Ms. heb. e. 115.11",NO_ID_LINKED,Field is empty
990053492980205171,"MS heb. g.14/37 | Ms. heb. g. 14.37 | The Bodleian Libraries, University of Oxford Ms. heb. g. 14.37",NO_ID_LINKED,Field is empty
990053492890205171,"MS heb. g.14/28 | Ms. heb. g. 14.28 | The Bodleian Libraries, University of Oxford Ms. heb. g. 14.28",NO_ID_LINKED,Field is empty
990053477950205171,"MS heb. f.53/61 | Ms. heb. f. 53.61 | The Bodleian Libraries, University of Oxford Ms. heb. f. 53.61",NO_ID_LINKED,Field is empty
997008739663305171,"MS Heb. c.72/38 | Ms. heb. c. 72.38 | The Bodleian Libraries, University of Oxford Ms. heb. c. 72.38",NO_ID_LINKED,Field is empty
990053477860205171,"MS heb. f.53/52 | Ms. heb. f. 53.52 | The Bodleian Libraries, University of Oxford Ms. heb. f. 53.52",NO_ID_LINKED,Field is empty
990053461740205171,"MS heb. f.7/102 | Ms. heb. f. 7.102 | The Bodleian Libraries, University of Oxford Ms. heb. f. 7.102",NO_ID_LINKED,Field is empty
990053477770205171,"MS heb. f.53/43 | Ms. heb. f. 53.43 | The Bodleian Libraries, University of Oxford Ms. heb. f. 53.43",NO_ID_LINKED,Field is empty
990053478210205171,"MS heb. f.53/87 | Ms. heb. f. 53.87 | The Bodleian Libraries, University of Oxford Ms. heb. f. 53.87",NO_ID_LINKED,Field is empty
997008739662405171,"MS Heb. c.72/47 | Ms. heb. c. 72.47 | The Bodleian Libraries, University of Oxford Ms. heb. c. 72.47",NO_ID_LINKED,Field is empty
990053461010205171,"MS heb. f.7/29 | Ms. heb. f. 7.29 | The Bodleian Libraries, University of Oxford Ms. heb. f. 7.29",NO_ID_LINKED,Field is empty
990053461470205171,"MS heb. f.7/75 | Ms. heb. f. 7.75 | The Bodleian Libraries, University of Oxford Ms. heb. f. 7.75",NO_ID_LINKED,Field is empty
997008739664205171,"MS Heb. c.72/28 | Ms. heb. c. 72.28 | The Bodleian Libraries, University of Oxford Ms. heb. c. 72.28",NO_ID_LINKED,Field is empty
997008739772205171,"MS heb. f.98 | Ms. heb. f. 98 | The Bodleian Libraries, University of Oxford Ms. heb. f. 98",NO_ID_LINKED,Field is empty
990053477400205171,"MS heb. f.53/6 | Ms. heb. f. 53.6 | The Bodleian Libraries, University of Oxford Ms. heb. f. 53.6",NO_ID_LINKED,Field is empty
990053478300205171,"MS heb. f.53/96 | Ms. heb. f. 53.96 | The Bodleian Libraries, University of Oxford Ms. heb. f. 53.96",NO_ID_LINKED,Field is empty
990053476870205171,"MS heb. f.52/48 | Ms. heb. f. 52.48 | The Bodleian Libraries, University of Oxford Ms. heb. f. 52.48",NO_ID_LINKED,Field is empty
990053477310205171,"MS heb. f.52/92 | Ms. heb. f. 52.92 | The Bodleian Libraries, University of Oxford Ms. heb. f. 52.92",NO_ID_LINKED,Field is empty
990053461830205171,"MS heb. f.7/111 | Ms. heb. f. 7.111 | The Bodleian Libraries, University of Oxford Ms. heb. f. 7.111",NO_ID_LINKED,Field is empty
990053476780205171,"MS heb. f.52/39 | Ms. heb. f. 52.39 | The Bodleian Libraries, University of Oxford Ms. heb. f. 52.39",NO_ID_LINKED,Field is empty
990053460840205171,"MS heb. f.7/12 | Ms. heb. f. 7.12 | The Bodleian Libraries, University of Oxford Ms. heb. f. 7.12",NO_ID_LINKED,Field is empty
990053461650205171,"MS heb. f.7/93 | Ms. heb. f. 7.93 | The Bodleian Libraries, University of Oxford Ms. heb. f. 7.93",NO_ID_LINKED,Field is empty
990053460660205171,"MS heb. f.6/4 | Ms. heb. f. 6.4 | The Bodleian Libraries, University of Oxford Ms. heb. f. 6.4",NO_ID_LINKED,Field is empty
990053460750205171,"MS heb. f.7/3 | Ms. heb. f. 7.3 | The Bodleian Libraries, University of Oxford Ms. heb. f. 7.3",NO_ID_LINKED,Field is empty
990053477220205171,"MS heb. f.52/83 | Ms. heb. f. 52.83 | The Bodleian Libraries, University of Oxford Ms. heb. f. 52.83",NO_ID_LINKED,Field is empty
990053476960205171,"MS heb. f.52/57 | Ms. heb. f. 52.57 | The Bodleian Libraries, University of Oxford Ms. heb. f. 52.57",NO_ID_LINKED,Field is empty
990053462000205171,"MS heb. f.7*/15 | Ms. heb. f. 7*.15 | The Bodleian Libraries, University of Oxford Ms. heb. f. 7*.15",NO_ID_LINKED,Field is empty
990053477680205171,"MS heb. f.53/34 | Ms. heb. f. 53.34 | The Bodleian Libraries, University of Oxford Ms. heb. f. 53.34",NO_ID_LINKED,Field is empty
990053476410205171,"MS heb. f.52/2 | Ms. heb. f. 52.2 | The Bodleian Libraries, University of Oxford Ms. heb. f. 52.2",NO_ID_LINKED,Field is empty
990053476690205171,"MS heb. f.52/30 | Ms. heb. f. 52.30 | The Bodleian Libraries, University of Oxford Ms. heb. f. 52.30",NO_ID_LINKED,Field is empty
990053478030205171,"MS heb. f.53/69 | Ms. heb. f. 53.69 | The Bodleian Libraries, University of Oxford Ms. heb. f. 53.69",NO_ID_LINKED,Field is empty
990053398750205171,"MS heb. c.27/95 | Ms. heb. c. 27.95 | The Bodleian Libraries, University of Oxford Ms. heb. c. 27.95",NO_ID_LINKED,Field is empty
990053477130205171,"MS heb. f.52/74 | Ms. heb. f. 52.74 | The Bodleian Libraries, University of Oxford Ms. heb. f. 52.74",NO_ID_LINKED,Field is empty
990053477590205171,"MS heb. f.53/25 | Ms. heb. f. 53.25 | The Bodleian Libraries, University of Oxford Ms. heb. f. 53.25",NO_ID_LINKED,Field is empty
990053478120205171,"MS heb. f.53/78 | Ms. heb. f. 53.78 | The Bodleian Libraries, University of Oxford Ms. heb. f. 53.78",NO_ID_LINKED,Field is empty
990053460570205171,"MS heb. f.5/3 | Ms. heb. f. 5.3 | The Bodleian Libraries, University of Oxford Ms. heb. f. 5.3",NO_ID_LINKED,Field is empty
990053460930205171,"MS heb. f.7/21 | Ms. heb. f. 7.21 | The Bodleian Libraries, University of Oxford Ms. heb. f. 7.21",NO_ID_LINKED,Field is empty
990053461290205171,"MS heb. f.7/57 | Ms. heb. f. 7.57 | The Bodleian Libraries, University of Oxford Ms. heb. f. 7.57",NO_ID_LINKED,Field is empty
990053461380205171,"MS heb. f.7/66 | Ms. heb. f. 7.66 | The Bodleian Libraries, University of Oxford Ms. heb. f. 7.66",NO_ID_LINKED,Field is empty
990053461100205171,"MS heb. f.7/38 | Ms. heb. f. 7.38 | The Bodleian Libraries, University of Oxford Ms. heb. f. 7.38",NO_ID_LINKED,Field is empty
997008739665105171,"MS Heb. c.72/13 | Ms. heb. c. 72.13 | The Bodleian Libraries, University of Oxford Ms. heb. c. 72.13",NO_ID_LINKED,Field is empty
990053477040205171,"MS heb. f.52/65 | Ms. heb. f. 52.65 | The Bodleian Libraries, University of Oxford Ms. heb. f. 52.65",NO_ID_LINKED,Field is empty
990053468400205171,"MS heb. f.31/8 | Ms. heb. f. 31.8 | The Bodleian Libraries, University of Oxford Ms. heb. f. 31.8",NO_ID_LINKED,Field is empty
990053462910205171,"MS heb. f.20/6 | Ms. heb. f. 20.6 | The Bodleian Libraries, University of Oxford Ms. heb. f. 20.6",NO_ID_LINKED,Field is empty
990053632100205171,"MS heb. e.47/1 | Ms. heb. e. 47.1 | The Bodleian Libraries, University of Oxford Ms. heb. e. 47.1",NO_ID_LINKED,Field is empty
990053632380205171,"MS heb. e.50/3 | Ms. heb. e. 50.3 | The Bodleian Libraries, University of Oxford Ms. heb. e. 50.3",NO_ID_LINKED,Field is empty
990053426460205171,"MS heb. e.22/1 | Ms. heb. e. 22.1 | The Bodleian Libraries, University of Oxford Ms. heb. e. 22.1",NO_ID_LINKED,Field is empty
990053413310205171,"MS heb. d.51/154 | Ms. heb. d. 51.154 | The Bodleian Libraries, University of Oxford Ms. heb. d. 51.154",NO_ID_LINKED,Field is empty
997008739658905171,"MS Heb. C.64/1 | Ms. heb. c. 64.1 | The Bodleian Libraries, University of Oxford Ms. heb. c. 64.1",NO_ID_LINKED,Field is empty
990053460200205171,"MS heb. f.2/24 | Ms. heb. f. 2.24 | The Bodleian Libraries, University of Oxford Ms. heb. f. 2.24",NO_ID_LINKED,Field is empty
990053460020205171,"MS heb. f.2/6 | Ms. heb. f. 2.6 | The Bodleian Libraries, University of Oxford Ms. heb. f. 2.6",NO_ID_LINKED,Field is empty
990053460480205171,"MS heb. f.3/23 | Ms. heb. f. 3.23 | The Bodleian Libraries, University of Oxford Ms. heb. f. 3.23",NO_ID_LINKED,Field is empty
990053460110205171,"MS heb. f.2/15 | Ms. heb. f. 2.15 | The Bodleian Libraries, University of Oxford Ms. heb. f. 2.15",NO_ID_LINKED,Field is empty
990053492700205171,"MS heb. g.14/9 | Ms. heb. g. 14.9 | The Bodleian Libraries, University of Oxford Ms. heb. g. 14.9",NO_ID_LINKED,Field is empty
990053477690205171,"MS heb. f.53/35 | Ms. heb. f. 53.35 | The Bodleian Libraries, University of Oxford Ms. heb. f. 53.35",NO_ID_LINKED,Field is empty
990053477780205171,"MS heb. f.53/44 | Ms. heb. f. 53.44 | The Bodleian Libraries, University of Oxford Ms. heb. f. 53.44",NO_ID_LINKED,Field is empty
990053478040205171,"MS heb. f.53/70 | Ms. heb. f. 53.70 | The Bodleian Libraries, University of Oxford Ms. heb. f. 53.70",NO_ID_LINKED,Field is empty
990053478310205171,"MS heb. f.53/97 | Ms. heb. f. 53.97 | The Bodleian Libraries, University of Oxford Ms. heb. f. 53.97",NO_ID_LINKED,Field is empty
990053461110205171,"MS heb. f.7/39 | Ms. heb. f. 7.39 | The Bodleian Libraries, University of Oxford Ms. heb. f. 7.39",NO_ID_LINKED,Field is empty
990053461750205171,"MS heb. f.7/103 | Ms. heb. f. 7.103 | The Bodleian Libraries, University of Oxford Ms. heb. f. 7.103",NO_ID_LINKED,Field is empty
990053462010205171,"MS heb. f.7*/16 | Ms. heb. f. 7*.16 | The Bodleian Libraries, University of Oxford Ms. heb. f. 7*.16",NO_ID_LINKED,Field is empty
997008739662505171,"MS Heb. c.72/46 | Ms. heb. c. 72.46 | The Bodleian Libraries, University of Oxford Ms. heb. c. 72.46",NO_ID_LINKED,Field is empty
990053477960205171,"MS heb. f.53/62 | Ms. heb. f. 53.62 | The Bodleian Libraries, University of Oxford Ms. heb. f. 53.62",NO_ID_LINKED,Field is empty
990053477140205171,"MS heb. f.52/75 | Ms. heb. f. 52.75 | The Bodleian Libraries, University of Oxford Ms. heb. f. 52.75",NO_ID_LINKED,Field is empty
990053477500205171,"MS heb. f.53/16 | Ms. heb. f. 53.16 | The Bodleian Libraries, University of Oxford Ms. heb. f. 53.16",NO_ID_LINKED,Field is empty
990053436000205171,"MS heb. e.39/179 | Ms. heb. e. 39.179 | The Bodleian Libraries, University of Oxford Ms. heb. e. 39.179",NO_ID_LINKED,Field is empty
990053461480205171,"MS heb. f.7/76 | Ms. heb. f. 7.76 | The Bodleian Libraries, University of Oxford Ms. heb. f. 7.76",NO_ID_LINKED,Field is empty
990053477230205171,"MS heb. f.52/84 | Ms. heb. f. 52.84 | The Bodleian Libraries, University of Oxford Ms. heb. f. 52.84",NO_ID_LINKED,Field is empty
997008739663405171,"MS Heb. c.72/37 | Ms. heb. c. 72.37 | The Bodleian Libraries, University of Oxford Ms. heb. c. 72.37",NO_ID_LINKED,Field is empty
997008739658005171,"MS Heb. C.64/10 | Ms. heb. c. 64.10 | The Bodleian Libraries, University of Oxford Ms. heb. c. 64.10",NO_ID_LINKED,Field is empty
990053477320205171,"MS heb. f.52/93 | Ms. heb. f. 52.93 | The Bodleian Libraries, University of Oxford Ms. heb. f. 52.93",NO_ID_LINKED,Field is empty
990053398760205171,"MS heb. c.27/96 | Ms. heb. c. 27.96 | The Bodleian Libraries, University of Oxford Ms. heb. c. 27.96",NO_ID_LINKED,Field is empty
990053461570205171,"MS heb. f.7/85 | Ms. heb. f. 7.85 | The Bodleian Libraries, University of Oxford Ms. heb. f. 7.85",NO_ID_LINKED,Field is empty
990053460940205171,"MS heb. f.7/22 | Ms. heb. f. 7.22 | The Bodleian Libraries, University of Oxford Ms. heb. f. 7.22",NO_ID_LINKED,Field is empty
990053492800205171,"MS heb. g.14/19 | Ms. heb. g. 14.19 | The Bodleian Libraries, University of Oxford Ms. heb. g. 14.19",NO_ID_LINKED,Field is empty
990053461660205171,"MS heb. f.7/94 | Ms. heb. f. 7.94 | The Bodleian Libraries, University of Oxford Ms. heb. f. 7.94",NO_ID_LINKED,Field is empty
990053460760205171,"MS heb. f.7/4 | Ms. heb. f. 7.4 | The Bodleian Libraries, University of Oxford Ms. heb. f. 7.4",NO_ID_LINKED,Field is empty
990053461020205171,"MS heb. f.7/30 | Ms. heb. f. 7.30 | The Bodleian Libraries, University of Oxford Ms. heb. f. 7.30",NO_ID_LINKED,Field is empty
990053460850205171,"MS heb. f.7/13 | Ms. heb. f. 7.13 | The Bodleian Libraries, University of Oxford Ms. heb. f. 7.13",NO_ID_LINKED,Field is empty
990053478130205171,"MS heb. f.53/79 | Ms. heb. f. 53.79 | The Bodleian Libraries, University of Oxford Ms. heb. f. 53.79",NO_ID_LINKED,Field is empty
990053476790205171,"MS heb. f.52/40 | Ms. heb. f. 52.40 | The Bodleian Libraries, University of Oxford Ms. heb. f. 52.40",NO_ID_LINKED,Field is empty
990053476970205171,"MS heb. f.52/58 | Ms. heb. f. 52.58 | The Bodleian Libraries, University of Oxford Ms. heb. f. 52.58",NO_ID_LINKED,Field is empty
990053461930205171,"MS heb. f.7*/8 | Ms. heb. f. 7*.8 | The Bodleian Libraries, University of Oxford Ms. heb. f. 7*.8",NO_ID_LINKED,Field is empty
990053460580205171,"MS heb. f.5/4 | Ms. heb. f. 5.4 | The Bodleian Libraries, University of Oxford Ms. heb. f. 5.4",NO_ID_LINKED,Field is empty
990053476880205171,"MS heb. f.52/49 | Ms. heb. f. 52.49 | The Bodleian Libraries, University of Oxford Ms. heb. f. 52.49",NO_ID_LINKED,Field is empty
990053460670205171,"MS heb. f.6/5 | Ms. heb. f. 6.5 | The Bodleian Libraries, University of Oxford Ms. heb. f. 6.5",NO_ID_LINKED,Field is empty
990053492620205171,"MS heb. g.14/1 | Ms. heb. g. 14.1 | The Bodleian Libraries, University of Oxford Ms. heb. g. 14.1",NO_ID_LINKED,Field is empty
990053477410205171,"MS heb. f.53/7 | Ms. heb. f. 53.7 | The Bodleian Libraries, University of Oxford Ms. heb. f. 53.7",NO_ID_LINKED,Field is empty
990053478220205171,"MS heb. f.53/88 | Ms. heb. f. 53.88 | The Bodleian Libraries, University of Oxford Ms. heb. f. 53.88",NO_ID_LINKED,Field is empty
990053476600205171,"MS heb. f.52/21 | Ms. heb. f. 52.21 | The Bodleian Libraries, University of Oxford Ms. heb. f. 52.21",NO_ID_LINKED,Field is empty
990053476510205171,"MS heb. f.52/12 | Ms. heb. f. 52.12 | The Bodleian Libraries, University of Oxford Ms. heb. f. 52.12",NO_ID_LINKED,Field is empty
990053476420205171,"MS heb. f.52/3 | Ms. heb. f. 52.3 | The Bodleian Libraries, University of Oxford Ms. heb. f. 52.3",NO_ID_LINKED,Field is empty
990053477050205171,"MS heb. f.52/66 | Ms. heb. f. 52.66 | The Bodleian Libraries, University of Oxford Ms. heb. f. 52.66",NO_ID_LINKED,Field is empty
990053461200205171,"MS heb. f.7/48 | Ms. heb. f. 7.48 | The Bodleian Libraries, University of Oxford Ms. heb. f. 7.48",NO_ID_LINKED,Field is empty
990053461390205171,"MS heb. f.7/67 | Ms. heb. f. 7.67 | The Bodleian Libraries, University of Oxford Ms. heb. f. 7.67",NO_ID_LINKED,Field is empty
990053459780205171,"MS heb. e.115/12 | Ms. heb. e. 115.12 | The Bodleian Libraries, University of Oxford Ms. heb. e. 115.12",NO_ID_LINKED,Field is empty
990053477870205171,"MS heb. f.53/53 | Ms. heb. f. 53.53 | The Bodleian Libraries, University of Oxford Ms. heb. f. 53.53",NO_ID_LINKED,Field is empty
997008739665205171,"MS Heb. c.72/12 | Ms. heb. c. 72.12 | The Bodleian Libraries, University of Oxford Ms. heb. c. 72.12",NO_ID_LINKED,Field is empty
990053468410205171,"MS heb. f.31/9 | Ms. heb. f. 31.9 | The Bodleian Libraries, University of Oxford Ms. heb. f. 31.9",NO_ID_LINKED,Field is empty
990053461840205171,"MS heb. f.7/112 | Ms. heb. f. 7.112 | The Bodleian Libraries, University of Oxford Ms. heb. f. 7.112",NO_ID_LINKED,Field is empty
990053400900205171,"MS heb. c.59 | Ms. aram. c. 1P.1 | Ms. heb. c. 59(P) | The Bodleian Libraries, University of Oxford Ms. aram. c. 1P.1 | The Bodleian Libraries, University of Oxford Ms. heb. c. 59(P)",NO_ID_LINKED,Field is empty
990053632110205171,"MS heb. e.47/2 | Ms. heb. e. 47.2 | The Bodleian Libraries, University of Oxford Ms. heb. e. 47.2",NO_ID_LINKED,Field is empty
990053463000205171,"MS heb. f.20/15 | Ms. heb. f. 20.15 | The Bodleian Libraries, University of Oxford Ms. heb. f. 20.15",NO_ID_LINKED,Field is empty
990053632390205171,"MS heb. e.50/4 | Ms. heb. e. 50.4 | The Bodleian Libraries, University of Oxford Ms. heb. e. 50.4",NO_ID_LINKED,Field is empty
990053462920205171,"MS heb. f.20/7 | Ms. heb. f. 20.7 | The Bodleian Libraries, University of Oxford Ms. heb. f. 20.7",NO_ID_LINKED,Field is empty
990053413320205171,"MS heb. d.54/1 | Ms. heb. d. 54.1 | The Bodleian Libraries, University of Oxford Ms. heb. d. 54.1",NO_ID_LINKED,Field is empty
990053459960205171,"MS heb. e.120(P)/1 | Ms. aram. e. 1P.1 | Ms. heb. e. 120(P).1 | The Bodleian Libraries, University of Oxford Ms. aram. e. 1P.1 | The Bodleian Libraries, University of Oxford Ms. heb. e. 120(P).1",NO_ID_LINKED,Field is empty
990053492990205171,"MS heb. g.15(P) | Ms. heb. g. 15(P) | The Bodleian Libraries, University of Oxford Ms. heb. g. 15(P)",NO_ID_LINKED,Field is empty
990053467600205171,"MS heb. f.30/1 | Ms. heb. f. 30.1 | The Bodleian Libraries, University of Oxford Ms. heb. f. 30.1",NO_ID_LINKED,Field is empty
990053460300205171,"MS heb. f.3/5 | Ms. heb. f. 3.5 | The Bodleian Libraries, University of Oxford Ms. heb. f. 3.5",NO_ID_LINKED,Field is empty
990053460490205171,"MS heb. f.4/1 | Ms. heb. f. 4.1 | The Bodleian Libraries, University of Oxford Ms. heb. f. 4.1",NO_ID_LINKED,Field is empty
990053460030205171,"MS heb. f.2/7 | Ms. heb. f. 2.7 | The Bodleian Libraries, University of Oxford Ms. heb. f. 2.7",NO_ID_LINKED,Field is empty
990053460210205171,"MS heb. f.2/25 | Ms. heb. f. 2.25 | The Bodleian Libraries, University of Oxford Ms. heb. f. 2.25",NO_ID_LINKED,Field is empty
990053460120205171,"MS heb. f.2/16 | Ms. heb. f. 2.16 | The Bodleian Libraries, University of Oxford Ms. heb. f. 2.16",NO_ID_LINKED,Field is empty
990053462100205171,"MS heb. f.7*/25 | Ms. heb. f. 7*.25 | The Bodleian Libraries, University of Oxford Ms. heb. f. 7*.25",NO_ID_LINKED,Field is empty
990053441130205171,"MS heb. e.45/103 | Ms. heb. e. 45.103 | The Bodleian Libraries, University of Oxford Ms. heb. e. 45.103",NO_ID_LINKED,Field is empty
990053492710205171,"MS heb. g.14/10 | Ms. heb. g. 14.10 | The Bodleian Libraries, University of Oxford Ms. heb. g. 14.10",NO_ID_LINKED,Field is empty
990053461490205171,"MS heb. f.7/77 | Ms. heb. f. 7.77 | The Bodleian Libraries, University of Oxford Ms. heb. f. 7.77",NO_ID_LINKED,Field is empty
990053468420205171,"MS heb. f.31/10 | Ms. heb. f. 31.10 | The Bodleian Libraries, University of Oxford Ms. heb. f. 31.10",NO_ID_LINKED,Field is empty
990053460680205171,"MS heb. f.6/6 | Ms. heb. f. 6.6 | The Bodleian Libraries, University of Oxford Ms. heb. f. 6.6",NO_ID_LINKED,Field is empty
990053476430205171,"MS heb. f.52/4 | Ms. heb. f. 52.4 | The Bodleian Libraries, University of Oxford Ms. heb. f. 52.4",NO_ID_LINKED,Field is empty
990053492900205171,"MS heb. g.14/29 | Ms. heb. g. 14.29 | The Bodleian Libraries, University of Oxford Ms. heb. g. 14.29",NO_ID_LINKED,Field is empty
990053459790205171,"MS heb. e.115/13 | Ms. heb. e. 115.13 | The Bodleian Libraries, University of Oxford Ms. heb. e. 115.13",NO_ID_LINKED,Field is empty
990053476520205171,"MS heb. f.52/13 | Ms. heb. f. 52.13 | The Bodleian Libraries, University of Oxford Ms. heb. f. 52.13",NO_ID_LINKED,Field is empty
990053477060205171,"MS heb. f.52/67 | Ms. heb. f. 52.67 | The Bodleian Libraries, University of Oxford Ms. heb. f. 52.67",NO_ID_LINKED,Field is empty
990053477240205171,"MS heb. f.52/85 | Ms. heb. f. 52.85 | The Bodleian Libraries, University of Oxford Ms. heb. f. 52.85",NO_ID_LINKED,Field is empty
990053478050205171,"MS heb. f.53/71 | Ms. heb. f. 53.71 | The Bodleian Libraries, University of Oxford Ms. heb. f. 53.71",NO_ID_LINKED,Field is empty
990053478140205171,"MS heb. f.53/80 | Ms. heb. f. 53.80 | The Bodleian Libraries, University of Oxford Ms. heb. f. 53.80",NO_ID_LINKED,Field is empty
990053398770205171,"MS heb. c.27/97 | Ms. heb. c. 27.97 | The Bodleian Libraries, University of Oxford Ms. heb. c. 27.97",NO_ID_LINKED,Field is empty
990053477600205171,"MS heb. f.53/26 | Ms. heb. f. 53.26 | The Bodleian Libraries, University of Oxford Ms. heb. f. 53.26",NO_ID_LINKED,Field is empty
990053476890205171,"MS heb. f.52/50 | Ms. heb. f. 52.50 | The Bodleian Libraries, University of Oxford Ms. heb. f. 52.50",NO_ID_LINKED,Field is empty
990053471750205171,"MS heb. f.37/1 | Ms. heb. f. 37.1 | The Bodleian Libraries, University of Oxford Ms. heb. f. 37.1",NO_ID_LINKED,Field is empty
990053460400205171,"MS heb. f.3/15 | Ms. heb. f. 3.15 | The Bodleian Libraries, University of Oxford Ms. heb. f. 3.15",NO_ID_LINKED,Field is empty
990053460770205171,"MS heb. f.7/5 | Ms. heb. f. 7.5 | The Bodleian Libraries, University of Oxford Ms. heb. f. 7.5",NO_ID_LINKED,Field is empty
990053461030205171,"MS heb. f.7/31 | Ms. heb. f. 7.31 | The Bodleian Libraries, University of Oxford Ms. heb. f. 7.31",NO_ID_LINKED,Field is empty
990053461210205171,"MS heb. f.7/49 | Ms. heb. f. 7.49 | The Bodleian Libraries, University of Oxford Ms. heb. f. 7.49",NO_ID_LINKED,Field is empty
990053460860205171,"MS heb. f.7/14 | Ms. heb. f. 7.14 | The Bodleian Libraries, University of Oxford Ms. heb. f. 7.14",NO_ID_LINKED,Field is empty
990053461940205171,"MS heb. f.7*/9 | Ms. heb. f. 7*.9 | The Bodleian Libraries, University of Oxford Ms. heb. f. 7*.9",NO_ID_LINKED,Field is empty
990053476610205171,"MS heb. f.52/22 | Ms. heb. f. 52.22 | The Bodleian Libraries, University of Oxford Ms. heb. f. 52.22",NO_ID_LINKED,Field is empty
990053478230205171,"MS heb. f.53/89 | Ms. heb. f. 53.89 | The Bodleian Libraries, University of Oxford Ms. heb. f. 53.89",NO_ID_LINKED,Field is empty
990053476700205171,"MS heb. f.52/31 | Ms. heb. f. 52.31 | The Bodleian Libraries, University of Oxford Ms. heb. f. 52.31",NO_ID_LINKED,Field is empty
990053477790205171,"MS heb. f.53/45 | Ms. heb. f. 53.45 | The Bodleian Libraries, University of Oxford Ms. heb. f. 53.45",NO_ID_LINKED,Field is empty
990053461120205171,"MS heb. f.7/40 | Ms. heb. f. 7.40 | The Bodleian Libraries, University of Oxford Ms. heb. f. 7.40",NO_ID_LINKED,Field is empty
990053461850205171,"MS heb. f.7/113 | Ms. heb. f. 7.113 | The Bodleian Libraries, University of Oxford Ms. heb. f. 7.113",NO_ID_LINKED,Field is empty
997008739663505171,"MS Heb. c.72/35-36 | Ms. heb. c. 72.35-36 | The Bodleian Libraries, University of Oxford Ms. heb. c. 72.35-36",NO_ID_LINKED,Field is empty
990053460590205171,"MS heb. f.5/5 | Ms. heb. f. 5.5 | The Bodleian Libraries, University of Oxford Ms. heb. f. 5.5",NO_ID_LINKED,Field is empty
990053477880205171,"MS heb. f.53/54 | Ms. heb. f. 53.54 | The Bodleian Libraries, University of Oxford Ms. heb. f. 53.54",NO_ID_LINKED,Field is empty
997008739658105171,"MS Heb. C.64/9 | Ms. heb. c. 64.9 | The Bodleian Libraries, University of Oxford Ms. heb. c. 64.9",NO_ID_LINKED,Field is empty
997008739662605171,"MS Heb. c.72/45 | Ms. heb. c. 72.45 | The Bodleian Libraries, University of Oxford Ms. heb. c. 72.45",NO_ID_LINKED,Field is empty
990053462020205171,"MS heb. f.7*/17 | Ms. heb. f. 7*.17 | The Bodleian Libraries, University of Oxford Ms. heb. f. 7*.17",NO_ID_LINKED,Field is empty
990053476980205171,"MS heb. f.52/59 | Ms. heb. f. 52.59 | The Bodleian Libraries, University of Oxford Ms. heb. f. 52.59",NO_ID_LINKED,Field is empty
990053477330205171,"MS heb. f.52/94 | Ms. heb. f. 52.94 | The Bodleian Libraries, University of Oxford Ms. heb. f. 52.94",NO_ID_LINKED,Field is empty
990053477510205171,"MS heb. f.53/17 | Ms. heb. f. 53.17 | The Bodleian Libraries, University of Oxford Ms. heb. f. 53.17",NO_ID_LINKED,Field is empty
990053436010205171,"MS heb. e.39/180 | Ms. heb. e. 39.180 | The Bodleian Libraries, University of Oxford Ms. heb. e. 39.180",NO_ID_LINKED,Field is empty
990053478320205171,"MS heb. f.53/98 | Ms. heb. f. 53.98 | The Bodleian Libraries, University of Oxford Ms. heb. f. 53.98",NO_ID_LINKED,Field is empty
990053477420205171,"MS heb. f.53/8 | Ms. heb. f. 53.8 | The Bodleian Libraries, University of Oxford Ms. heb. f. 53.8",NO_ID_LINKED,Field is empty
990053461300205171,"MS heb. f.7/58 | Ms. heb. f. 7.58 | The Bodleian Libraries, University of Oxford Ms. heb. f. 7.58",NO_ID_LINKED,Field is empty
990053461580205171,"MS heb. f.7/86 | Ms. heb. f. 7.86 | The Bodleian Libraries, University of Oxford Ms. heb. f. 7.86",NO_ID_LINKED,Field is empty
990053461760205171,"MS heb. f.7/104 | Ms. heb. f. 7.104 | The Bodleian Libraries, University of Oxford Ms. heb. f. 7.104",NO_ID_LINKED,Field is empty
990053492630205171,"MS heb. g.14/2 | Ms. heb. g. 14.2 | The Bodleian Libraries, University of Oxford Ms. heb. g. 14.2",NO_ID_LINKED,Field is empty
990053460950205171,"MS heb. f.7/23 | Ms. heb. f. 7.23 | The Bodleian Libraries, University of Oxford Ms. heb. f. 7.23",NO_ID_LINKED,Field is empty
990053477970205171,"MS heb. f.53/63 | Ms. heb. f. 53.63 | The Bodleian Libraries, University of Oxford Ms. heb. f. 53.63",NO_ID_LINKED,Field is empty
997008739665305171,"MS Heb. c.72/9 | Ms. heb. c. 72.9 | The Bodleian Libraries, University of Oxford Ms. heb. c. 72.9",NO_ID_LINKED,Field is empty
990053477150205171,"MS heb. f.52/76 | Ms. heb. f. 52.76 | The Bodleian Libraries, University of Oxford Ms. heb. f. 52.76",NO_ID_LINKED,Field is empty
990053468330205171,"MS heb. f.31/1 | Ms. heb. f. 31.1 | The Bodleian Libraries, University of Oxford Ms. heb. f. 31.1",NO_ID_LINKED,Field is empty
990053632120205171,"MS heb. e.47/3 | Ms. heb. e. 47.3 | The Bodleian Libraries, University of Oxford Ms. heb. e. 47.3",NO_ID_LINKED,Field is empty
990053463010205171,"MS heb. f.20/16 | Ms. heb. f. 20.16 | The Bodleian Libraries, University of Oxford Ms. heb. f. 20.16",NO_ID_LINKED,Field is empty
990053462930205171,"MS heb. f.20/8 | Ms. heb. f. 20.8 | The Bodleian Libraries, University of Oxford Ms. heb. f. 20.8",NO_ID_LINKED,Field is empty
990053460310205171,"MS heb. f.3/6 | Ms. heb. f. 3.6 | The Bodleian Libraries, University of Oxford Ms. heb. f. 3.6",NO_ID_LINKED,Field is empty
997008739661705171,"MS Heb. c.72/1 | Ms. heb. c. 72.1 | The Bodleian Libraries, University of Oxford Ms. heb. c. 72.1",NO_ID_LINKED,Field is empty
990053460130205171,"MS heb. f.2/17 | Ms. heb. f. 2.17 | The Bodleian Libraries, University of Oxford Ms. heb. f. 2.17",NO_ID_LINKED,Field is empty
990053460040205171,"MS heb. f.2/8 | Ms. heb. f. 2.8 | The Bodleian Libraries, University of Oxford Ms. heb. f. 2.8",NO_ID_LINKED,Field is empty
990053460220205171,"MS heb. f.2/26 | Ms. heb. f. 2.26 | The Bodleian Libraries, University of Oxford Ms. heb. f. 2.26",NO_ID_LINKED,Field is empty
997008739659005171,"MS Heb. c.72/20 | Ms. heb. c. 72.20 | The Bodleian Libraries, University of Oxford Ms. heb. c. 72.20",NO_ID_LINKED,Field is empty
990053459970205171,"MS heb. f.2/1 | Ms. heb. f. 2.1 | The Bodleian Libraries, University of Oxford Ms. heb. f. 2.1",NO_ID_LINKED,Field is empty
990053462110205171,"MS heb. f.7*/26 | Ms. heb. f. 7*.26 | The Bodleian Libraries, University of Oxford Ms. heb. f. 7*.26",NO_ID_LINKED,Field is empty
990053441140205171,"MS heb. e.45/104 | Ms. heb. e. 45.104 | The Bodleian Libraries, University of Oxford Ms. heb. e. 45.104",NO_ID_LINKED,Field is empty
990053492720205171,"MS heb. g.14/11 | Ms. heb. g. 14.11 | The Bodleian Libraries, University of Oxford Ms. heb. g. 14.11",NO_ID_LINKED,Field is empty
990053492810205171,"MS heb. g.14/20 | Ms. heb. g. 14.20 | The Bodleian Libraries, University of Oxford Ms. heb. g. 14.20",NO_ID_LINKED,Field is empty
990053461670205171,"MS heb. f.7/95 | Ms. heb. f. 7.95 | The Bodleian Libraries, University of Oxford Ms. heb. f. 7.95",NO_ID_LINKED,Field is empty
990053477610205171,"MS heb. f.53/27 | Ms. heb. f. 53.27 | The Bodleian Libraries, University of Oxford Ms. heb. f. 53.27",NO_ID_LINKED,Field is empty
990053461040205171,"MS heb. f.7/32 | Ms. heb. f. 7.32 | The Bodleian Libraries, University of Oxford Ms. heb. f. 7.32",NO_ID_LINKED,Field is empty
990053461310205171,"MS heb. f.7/59 | Ms. heb. f. 7.59 | The Bodleian Libraries, University of Oxford Ms. heb. f. 7.59",NO_ID_LINKED,Field is empty
990053461770205171,"MS heb. f.7/105 | Ms. heb. f. 7.105 | The Bodleian Libraries, University of Oxford Ms. heb. f. 7.105",NO_ID_LINKED,Field is empty
990053476710205171,"MS heb. f.52/32 | Ms. heb. f. 52.32 | The Bodleian Libraries, University of Oxford Ms. heb. f. 52.32",NO_ID_LINKED,Field is empty
990053460960205171,"MS heb. f.7/24 | Ms. heb. f. 7.24 | The Bodleian Libraries, University of Oxford Ms. heb. f. 7.24",NO_ID_LINKED,Field is empty
990053461130205171,"MS heb. f.7/41 | Ms. heb. f. 7.41 | The Bodleian Libraries, University of Oxford Ms. heb. f. 7.41",NO_ID_LINKED,Field is empty
990053462120205171,"MS heb. f.7*/27 | Ms. heb. f. 7*.27 | The Bodleian Libraries, University of Oxford Ms. heb. f. 7*.27",NO_ID_LINKED,Field is empty
990053492910205171,"MS heb. g.14/30 | Ms. heb. g. 14.30 | The Bodleian Libraries, University of Oxford Ms. heb. g. 14.30",NO_ID_LINKED,Field is empty
990053476620205171,"MS heb. f.52/23 | Ms. heb. f. 52.23 | The Bodleian Libraries, University of Oxford Ms. heb. f. 52.23",NO_ID_LINKED,Field is empty
990053477430205171,"MS heb. f.53/9 | Ms. heb. f. 53.9 | The Bodleian Libraries, University of Oxford Ms. heb. f. 53.9",NO_ID_LINKED,Field is empty
990053460690205171,"MS heb. f.6/7 | Ms. heb. f. 6.7 | The Bodleian Libraries, University of Oxford Ms. heb. f. 6.7",NO_ID_LINKED,Field is empty
990053462030205171,"MS heb. f.7*/18 | Ms. heb. f. 7*.18 | The Bodleian Libraries, University of Oxford Ms. heb. f. 7*.18",NO_ID_LINKED,Field is empty
990053468430205171,"MS heb. f.31/11 | Ms. heb. f. 31.11 | The Bodleian Libraries, University of Oxford Ms. heb. f. 31.11",NO_ID_LINKED,Field is empty
990053478150205171,"MS heb. f.53/81 | Ms. heb. f. 53.81 | The Bodleian Libraries, University of Oxford Ms. heb. f. 53.81",NO_ID_LINKED,Field is empty
990053478240205171,"MS heb. f.53/90 | Ms. heb. f. 53.90 | The Bodleian Libraries, University of Oxford Ms. heb. f. 53.90",NO_ID_LINKED,Field is empty
997008739662705171,"MS Heb. c.72/44 | Ms. heb. c. 72.44 | The Bodleian Libraries, University of Oxford Ms. heb. c. 72.44",NO_ID_LINKED,Field is empty
997008739661805171,"MS Heb. c.72/54 | Ms. heb. c. 72.54 | The Bodleian Libraries, University of Oxford Ms. heb. c. 72.54",NO_ID_LINKED,Field is empty
997008739658205171,"MS Heb. C.64/8 | Ms. heb. c. 64.8 | The Bodleian Libraries, University of Oxford Ms. heb. c. 64.8",NO_ID_LINKED,Field is empty
990053476440205171,"MS heb. f.52/5 | Ms. heb. f. 52.5 | The Bodleian Libraries, University of Oxford Ms. heb. f. 52.5",NO_ID_LINKED,Field is empty
990053477070205171,"MS heb. f.52/68 | Ms. heb. f. 52.68 | The Bodleian Libraries, University of Oxford Ms. heb. f. 52.68",NO_ID_LINKED,Field is empty
990053476990205171,"MS heb. f.52/60 | Ms. heb. f. 52.60 | The Bodleian Libraries, University of Oxford Ms. heb. f. 52.60",NO_ID_LINKED,Field is empty
990053477250205171,"MS heb. f.52/86 | Ms. heb. f. 52.86 | The Bodleian Libraries, University of Oxford Ms. heb. f. 52.86",NO_ID_LINKED,Field is empty
990053477160205171,"MS heb. f.52/77 | Ms. heb. f. 52.77 | The Bodleian Libraries, University of Oxford Ms. heb. f. 52.77",NO_ID_LINKED,Field is empty
990053492640205171,"MS heb. g.14/3 | Ms. heb. g. 14.3 | The Bodleian Libraries, University of Oxford Ms. heb. g. 14.3",NO_ID_LINKED,Field is empty
990053459700205171,"MS heb. e.115/4 | Ms. heb. e. 115.4 | The Bodleian Libraries, University of Oxford Ms. heb. e. 115.4",NO_ID_LINKED,Field is empty
990053460870205171,"MS heb. f.7/15 | Ms. heb. f. 7.15 | The Bodleian Libraries, University of Oxford Ms. heb. f. 7.15",NO_ID_LINKED,Field is empty
990053477700205171,"MS heb. f.53/36 | Ms. heb. f. 53.36 | The Bodleian Libraries, University of Oxford Ms. heb. f. 53.36",NO_ID_LINKED,Field is empty
990053478060205171,"MS heb. f.53/72 | Ms. heb. f. 53.72 | The Bodleian Libraries, University of Oxford Ms. heb. f. 53.72",NO_ID_LINKED,Field is empty
990053461680205171,"MS heb. f.7/96 | Ms. heb. f. 7.96 | The Bodleian Libraries, University of Oxford Ms. heb. f. 7.96",NO_ID_LINKED,Field is empty
990053476530205171,"MS heb. f.52/14 | Ms. heb. f. 52.14 | The Bodleian Libraries, University of Oxford Ms. heb. f. 52.14",NO_ID_LINKED,Field is empty
990053468340205171,"MS heb. f.31/2 | Ms. heb. f. 31.2 | The Bodleian Libraries, University of Oxford Ms. heb. f. 31.2",NO_ID_LINKED,Field is empty
990053492820205171,"MS heb. g.14/21 | Ms. heb. g. 14.21 | The Bodleian Libraries, University of Oxford Ms. heb. g. 14.21",NO_ID_LINKED,Field is empty
997008739664505171,"MS Heb. c.72/25 | Ms. heb. c. 72.25 | The Bodleian Libraries, University of Oxford Ms. heb. c. 72.25",NO_ID_LINKED,Field is empty
990053477520205171,"MS heb. f.53/18 | Ms. heb. f. 53.18 | The Bodleian Libraries, University of Oxford Ms. heb. f. 53.18",NO_ID_LINKED,Field is empty
990053477890205171,"MS heb. f.53/55 | Ms. heb. f. 53.55 | The Bodleian Libraries, University of Oxford Ms. heb. f. 53.55",NO_ID_LINKED,Field is empty
990053461220205171,"MS heb. f.7/50 | Ms. heb. f. 7.50 | The Bodleian Libraries, University of Oxford Ms. heb. f. 7.50",NO_ID_LINKED,Field is empty
990053460780205171,"MS heb. f.7/6 | Ms. heb. f. 7.6 | The Bodleian Libraries, University of Oxford Ms. heb. f. 7.6",NO_ID_LINKED,Field is empty
990053461400205171,"MS heb. f.7/68 | Ms. heb. f. 7.68 | The Bodleian Libraries, University of Oxford Ms. heb. f. 7.68",NO_ID_LINKED,Field is empty
990053461950205171,"MS heb. f.7*/10 | Ms. heb. f. 7*.10 | The Bodleian Libraries, University of Oxford Ms. heb. f. 7*.10",NO_ID_LINKED,Field is empty
990053477980205171,"MS heb. f.53/64 | Ms. heb. f. 53.64 | The Bodleian Libraries, University of Oxford Ms. heb. f. 53.64",NO_ID_LINKED,Field is empty
997008739665405171,"MS Heb. c.72/8 | Ms. heb. c. 72.8 | The Bodleian Libraries, University of Oxford Ms. heb. c. 72.8",NO_ID_LINKED,Field is empty
990053442870205171,"MS heb. e.50/69 | Ms. heb. e. 50.69 | The Bodleian Libraries, University of Oxford Ms. heb. e. 50.69",NO_ID_LINKED,Field is empty
990053476800205171,"MS heb. f.52/41 | Ms. heb. f. 52.41 | The Bodleian Libraries, University of Oxford Ms. heb. f. 52.41",NO_ID_LINKED,Field is empty
990053461590205171,"MS heb. f.7/87 | Ms. heb. f. 7.87 | The Bodleian Libraries, University of Oxford Ms. heb. f. 7.87",NO_ID_LINKED,Field is empty
990053462940205171,"MS heb. f.20/9 | Ms. heb. f. 20.9 | The Bodleian Libraries, University of Oxford Ms. heb. f. 20.9",NO_ID_LINKED,Field is empty
990053632130205171,"MS heb. e.47/4 | Ms. heb. e. 47.4 | The Bodleian Libraries, University of Oxford Ms. heb. e. 47.4",NO_ID_LINKED,Field is empty
990053460320205171,"MS heb. f.3/7 | Ms. heb. f. 3.7 | The Bodleian Libraries, University of Oxford Ms. heb. f. 3.7",NO_ID_LINKED,Field is empty
990053460500205171,"MS heb. f.4/2 | Ms. heb. f. 4.2 | The Bodleian Libraries, University of Oxford Ms. heb. f. 4.2",NO_ID_LINKED,Field is empty
990053423880205171,"Catalogue Neubauer 2879 | MS heb. d.69(P)/1 | Ms. heb. d. 69(P).1 | The Bodleian Libraries, University of Oxford Ms. heb. d. 69(P).1",NO_ID_LINKED,Field is empty
990053460140205171,"MS heb. f.2/18 | Ms. heb. f. 2.18 | The Bodleian Libraries, University of Oxford Ms. heb. f. 2.18",NO_ID_LINKED,Field is empty
990053459980205171,"MS heb. f.2/2 | Ms. heb. f. 2.2 | The Bodleian Libraries, University of Oxford Ms. heb. f. 2.2",NO_ID_LINKED,Field is empty
997008739659105171,"MS Heb. c.72/17 | Ms. heb. c. 72.17 | The Bodleian Libraries, University of Oxford Ms. heb. c. 72.17",NO_ID_LINKED,Field is empty
990053460050205171,"MS heb. f.2/9 | Ms. heb. f. 2.9 | The Bodleian Libraries, University of Oxford Ms. heb. f. 2.9",NO_ID_LINKED,Field is empty
990053461860205171,"MS heb. f.7*/1 | Ms. heb. f. 7*.1 | The Bodleian Libraries, University of Oxford Ms. heb. f. 7*.1",NO_ID_LINKED,Field is empty
990053441150205171,"MS heb. e.45/105 | Ms. heb. e. 45.105 | The Bodleian Libraries, University of Oxford Ms. heb. e. 45.105",NO_ID_LINKED,Field is empty
990053492730205171,"MS heb. g.14/12 | Ms. heb. g. 14.12 | The Bodleian Libraries, University of Oxford Ms. heb. g. 14.12",NO_ID_LINKED,Field is empty
990053478070205171,"MS heb. f.53/73 | Ms. heb. f. 53.73 | The Bodleian Libraries, University of Oxford Ms. heb. f. 53.73",NO_ID_LINKED,Field is empty
990053460600205171,"MS heb. f.5/6 | Ms. heb. f. 5.6 | The Bodleian Libraries, University of Oxford Ms. heb. f. 5.6",NO_ID_LINKED,Field is empty
990053461410205171,"MS heb. f.7/69 | Ms. heb. f. 7.69 | The Bodleian Libraries, University of Oxford Ms. heb. f. 7.69",NO_ID_LINKED,Field is empty
990053462040205171,"MS heb. f.7*/19 | Ms. heb. f. 7*.19 | The Bodleian Libraries, University of Oxford Ms. heb. f. 7*.19",NO_ID_LINKED,Field is empty
990053478160205171,"MS heb. f.53/82 | Ms. heb. f. 53.82 | The Bodleian Libraries, University of Oxford Ms. heb. f. 53.82",NO_ID_LINKED,Field is empty
990053492830205171,"MS heb. g.14/22 | Ms. heb. g. 14.22 | The Bodleian Libraries, University of Oxford Ms. heb. g. 14.22",NO_ID_LINKED,Field is empty
990053461320205171,"MS heb. f.7/60 | Ms. heb. f. 7.60 | The Bodleian Libraries, University of Oxford Ms. heb. f. 7.60",NO_ID_LINKED,Field is empty
990053477440205171,"MS heb. f.53/10 | Ms. heb. f. 53.10 | The Bodleian Libraries, University of Oxford Ms. heb. f. 53.10",NO_ID_LINKED,Field is empty
990053476900205171,"MS heb. f.52/51 | Ms. heb. f. 52.51 | The Bodleian Libraries, University of Oxford Ms. heb. f. 52.51",NO_ID_LINKED,Field is empty
990053468440205171,"MS heb. f.31/12 | Ms. heb. f. 31.12 | The Bodleian Libraries, University of Oxford Ms. heb. f. 31.12",NO_ID_LINKED,Field is empty
990053476450205171,"MS heb. f.52/6 | Ms. heb. f. 52.6 | The Bodleian Libraries, University of Oxford Ms. heb. f. 52.6",NO_ID_LINKED,Field is empty
990053492650205171,"MS heb. g.14/4 | Ms. heb. g. 14.4 | The Bodleian Libraries, University of Oxford Ms. heb. g. 14.4",NO_ID_LINKED,Field is empty
990053477990205171,"MS heb. f.53/65 | Ms. heb. f. 53.65 | The Bodleian Libraries, University of Oxford Ms. heb. f. 53.65",NO_ID_LINKED,Field is empty
990053461230205171,"MS heb. f.7/51 | Ms. heb. f. 7.51 | The Bodleian Libraries, University of Oxford Ms. heb. f. 7.51",NO_ID_LINKED,Field is empty
990053460790205171,"MS heb. f.7/7 | Ms. heb. f. 7.7 | The Bodleian Libraries, University of Oxford Ms. heb. f. 7.7",NO_ID_LINKED,Field is empty
990053460880205171,"MS heb. f.7/16 | Ms. heb. f. 7.16 | The Bodleian Libraries, University of Oxford Ms. heb. f. 7.16",NO_ID_LINKED,Field is empty
990053476720205171,"MS heb. f.52/33 | Ms. heb. f. 52.33 | The Bodleian Libraries, University of Oxford Ms. heb. f. 52.33",NO_ID_LINKED,Field is empty
990053477080205171,"MS heb. f.52/69 | Ms. heb. f. 52.69 | The Bodleian Libraries, University of Oxford Ms. heb. f. 52.69",NO_ID_LINKED,Field is empty
990053477260205171,"MS heb. f.52/87 | Ms. heb. f. 52.87 | The Bodleian Libraries, University of Oxford Ms. heb. f. 52.87",NO_ID_LINKED,Field is empty
990053460420205171,"MS heb. f.3/17 | Ms. heb. f. 3.17 | The Bodleian Libraries, University of Oxford Ms. heb. f. 3.17",NO_ID_LINKED,Field is empty
997008739662805171,"MS Heb. c.72/43 | Ms. heb. c. 72.43 | The Bodleian Libraries, University of Oxford Ms. heb. c. 72.43",NO_ID_LINKED,Field is empty
990053476630205171,"MS heb. f.52/24 | Ms. heb. f. 52.24 | The Bodleian Libraries, University of Oxford Ms. heb. f. 52.24",NO_ID_LINKED,Field is empty
990053474650205171,"MS heb. f.44/1 | Ms. heb. f. 44.1 | The Bodleian Libraries, University of Oxford Ms. heb. f. 44.1",NO_ID_LINKED,Field is empty
990053476540205171,"MS heb. f.52/15 | Ms. heb. f. 52.15 | The Bodleian Libraries, University of Oxford Ms. heb. f. 52.15",NO_ID_LINKED,Field is empty
997008739663705171,"MS Heb. c.72/33 | Ms. heb. c. 72.33 | The Bodleian Libraries, University of Oxford Ms. heb. c. 72.33",NO_ID_LINKED,Field is empty
997008739665505171,"MS Heb. c.72/6-7 | Ms. heb. c. 72.6-7 | The Bodleian Libraries, University of Oxford Ms. heb. c. 72.6-7",NO_ID_LINKED,Field is empty
990053461140205171,"MS heb. f.7/42 | Ms. heb. f. 7.42 | The Bodleian Libraries, University of Oxford Ms. heb. f. 7.42",NO_ID_LINKED,Field is empty
990053461500205171,"MS heb. f.7/78 | Ms. heb. f. 7.78 | The Bodleian Libraries, University of Oxford Ms. heb. f. 7.78",NO_ID_LINKED,Field is empty
990053461780205171,"MS heb. f.7/106 | Ms. heb. f. 7.106 | The Bodleian Libraries, University of Oxford Ms. heb. f. 7.106",NO_ID_LINKED,Field is empty
990053477710205171,"MS heb. f.53/37 | Ms. heb. f. 53.37 | The Bodleian Libraries, University of Oxford Ms. heb. f. 53.37",NO_ID_LINKED,Field is empty
990053476810205171,"MS heb. f.52/42 | Ms. heb. f. 52.42 | The Bodleian Libraries, University of Oxford Ms. heb. f. 52.42",NO_ID_LINKED,Field is empty
990053477620205171,"MS heb. f.53/28 | Ms. heb. f. 53.28 | The Bodleian Libraries, University of Oxford Ms. heb. f. 53.28",NO_ID_LINKED,Field is empty
990053478250205171,"MS heb. f.53/91 | Ms. heb. f. 53.91 | The Bodleian Libraries, University of Oxford Ms. heb. f. 53.91",NO_ID_LINKED,Field is empty
990053462130205171,"MS heb. f.7*/28 | Ms. heb. f. 7*.28 | The Bodleian Libraries, University of Oxford Ms. heb. f. 7*.28",NO_ID_LINKED,Field is empty
990053477350205171,"MS heb. f.53/1 | Ms. heb. f. 53.1 | The Bodleian Libraries, University of Oxford Ms. heb. f. 53.1",NO_ID_LINKED,Field is empty
997008739664605171,"MS Heb. c.72/24 | Ms. heb. c. 72.24 | The Bodleian Libraries, University of Oxford Ms. heb. c. 72.24",NO_ID_LINKED,Field is empty
990053477170205171,"MS heb. f.52/78 | Ms. heb. f. 52.78 | The Bodleian Libraries, University of Oxford Ms. heb. f. 52.78",NO_ID_LINKED,Field is empty
990053468350205171,"MS heb. f.31/3 | Ms. heb. f. 31.3 | The Bodleian Libraries, University of Oxford Ms. heb. f. 31.3",NO_ID_LINKED,Field is empty
990053477800205171,"MS heb. f.53/46 | Ms. heb. f. 53.46 | The Bodleian Libraries, University of Oxford Ms. heb. f. 53.46",NO_ID_LINKED,Field is empty
990053477530205171,"MS heb. f.53/19 | Ms. heb. f. 53.19 | The Bodleian Libraries, University of Oxford Ms. heb. f. 53.19",NO_ID_LINKED,Field is empty
990053460970205171,"MS heb. f.7/25 | Ms. heb. f. 7.25 | The Bodleian Libraries, University of Oxford Ms. heb. f. 7.25",NO_ID_LINKED,Field is empty
990053461050205171,"MS heb. f.7/33 | Ms. heb. f. 7.33 | The Bodleian Libraries, University of Oxford Ms. heb. f. 7.33",NO_ID_LINKED,Field is empty
990053492920205171,"MS heb. g.14/31 | Ms. heb. g. 14.31 | The Bodleian Libraries, University of Oxford Ms. heb. g. 14.31",NO_ID_LINKED,Field is empty
990053461960205171,"MS heb. f.7*/11 | Ms. heb. f. 7*.11 | The Bodleian Libraries, University of Oxford Ms. heb. f. 7*.11",NO_ID_LINKED,Field is empty
997008739658305171,"MS Heb. C.64/7 | Ms. heb. c. 64.7 | The Bodleian Libraries, University of Oxford Ms. heb. c. 64.7",NO_ID_LINKED,Field is empty
990053461690205171,"MS heb. f.7/97 | Ms. heb. f. 7.97 | The Bodleian Libraries, University of Oxford Ms. heb. f. 7.97",NO_ID_LINKED,Field is empty
990053459800205171,"MS heb. e.115/14 | Ms. heb. e. 115.14 | The Bodleian Libraries, University of Oxford Ms. heb. e. 115.14",NO_ID_LINKED,Field is empty
990053459710205171,"MS heb. e.115/5 | Ms. heb. e. 115.5 | The Bodleian Libraries, University of Oxford Ms. heb. e. 115.5",NO_ID_LINKED,Field is empty
990053462860205171,"MS heb. f.20/1 | Ms. heb. f. 20.1 | The Bodleian Libraries, University of Oxford Ms. heb. f. 20.1",NO_ID_LINKED,Field is empty
990053632140205171,"MS heb. e.47/5 | Ms. heb. e. 47.5 | The Bodleian Libraries, University of Oxford Ms. heb. e. 47.5",NO_ID_LINKED,Field is empty
990053462950205171,"MS heb. f.20/10 | Ms. heb. f. 20.10 | The Bodleian Libraries, University of Oxford Ms. heb. f. 20.10",NO_ID_LINKED,Field is empty
990053442880205171,"MS heb. e.50/70 | Ms. heb. e. 50.70 | The Bodleian Libraries, University of Oxford Ms. heb. e. 50.70",NO_ID_LINKED,Field is empty
990053460510205171,"MS heb. f.4/3 | Ms. heb. f. 4.3 | The Bodleian Libraries, University of Oxford Ms. heb. f. 4.3",NO_ID_LINKED,Field is empty
990053460330205171,"MS heb. f.3/8 | Ms. heb. f. 3.8 | The Bodleian Libraries, University of Oxford Ms. heb. f. 3.8",NO_ID_LINKED,Field is empty
990053459990205171,"MS heb. f.2/3 | Ms. heb. f. 2.3 | The Bodleian Libraries, University of Oxford Ms. heb. f. 2.3",NO_ID_LINKED,Field is empty
990053441160205171,"MS heb. e.45/106 | Ms. heb. e. 45.106 | The Bodleian Libraries, University of Oxford Ms. heb. e. 45.106",NO_ID_LINKED,Field is empty
990053461870205171,"MS heb. f.7*/2 | Ms. heb. f. 7*.2 | The Bodleian Libraries, University of Oxford Ms. heb. f. 7*.2",NO_ID_LINKED,Field is empty
990053474100205171,"MS heb. f.42/28 | Ms. heb. f. 42.28 | The Bodleian Libraries, University of Oxford Ms. heb. f. 42.28",NO_ID_LINKED,Field is empty
990053460060205171,"MS heb. f.2/10 | Ms. heb. f. 2.10 | The Bodleian Libraries, University of Oxford Ms. heb. f. 2.10",NO_ID_LINKED,Field is empty
990053460240205171,"MS heb. f.2/28 | Ms. heb. f. 2.28 | The Bodleian Libraries, University of Oxford Ms. heb. f. 2.28",NO_ID_LINKED,Field is empty
990053460150205171,"MS heb. f.2/19 | Ms. heb. f. 2.19 | The Bodleian Libraries, University of Oxford Ms. heb. f. 2.19",NO_ID_LINKED,Field is empty
997008739659205171,"MS Heb. c.72/16 | Ms. heb. c. 72.16 | The Bodleian Libraries, University of Oxford Ms. heb. c. 72.16",NO_ID_LINKED,Field is empty
990053492740205171,"MS heb. g.14/13 | Ms. heb. g. 14.13 | The Bodleian Libraries, University of Oxford Ms. heb. g. 14.13",NO_ID_LINKED,Field is empty
990001638600205171,"Catalogue Neubauer 2794 | Ms. heb. d. 32 | The Bodleian Libraries, University of Oxford Ms. heb. d. 32",NO_ID_LINKED,Field is empty
990053460430205171,"MS heb. f.3/18 | Ms. heb. f. 3.18 | The Bodleian Libraries, University of Oxford Ms. heb. f. 3.18",NO_ID_LINKED,Field is empty
990053477810205171,"MS heb. f.53/47 | Ms. heb. f. 53.47 | The Bodleian Libraries, University of Oxford Ms. heb. f. 53.47",NO_ID_LINKED,Field is empty
990053478170205171,"MS heb. f.53/83 | Ms. heb. f. 53.83 | The Bodleian Libraries, University of Oxford Ms. heb. f. 53.83",NO_ID_LINKED,Field is empty
990053461330205171,"MS heb. f.7/61 | Ms. heb. f. 7.61 | The Bodleian Libraries, University of Oxford Ms. heb. f. 7.61",NO_ID_LINKED,Field is empty
990053460610205171,"MS heb. f.5/7 | Ms. heb. f. 5.7 | The Bodleian Libraries, University of Oxford Ms. heb. f. 5.7",NO_ID_LINKED,Field is empty
990053461150205171,"MS heb. f.7/43 | Ms. heb. f. 7.43 | The Bodleian Libraries, University of Oxford Ms. heb. f. 7.43",NO_ID_LINKED,Field is empty
990053476550205171,"MS heb. f.52/16 | Ms. heb. f. 52.16 | The Bodleian Libraries, University of Oxford Ms. heb. f. 52.16",NO_ID_LINKED,Field is empty
990053476730205171,"MS heb. f.52/34 | Ms. heb. f. 52.34 | The Bodleian Libraries, University of Oxford Ms. heb. f. 52.34",NO_ID_LINKED,Field is empty
990053461970205171,"MS heb. f.7*/12 | Ms. heb. f. 7*.12 | The Bodleian Libraries, University of Oxford Ms. heb. f. 7*.12",NO_ID_LINKED,Field is empty
990053477090205171,"MS heb. f.52/70 | Ms. heb. f. 52.70 | The Bodleian Libraries, University of Oxford Ms. heb. f. 52.70",NO_ID_LINKED,Field is empty
990053477270205171,"MS heb. f.52/88 | Ms. heb. f. 52.88 | The Bodleian Libraries, University of Oxford Ms. heb. f. 52.88",NO_ID_LINKED,Field is empty
997008739662905171,"MS Heb. c.72/42 | Ms. heb. c. 72.42 | The Bodleian Libraries, University of Oxford Ms. heb. c. 72.42",NO_ID_LINKED,Field is empty
990053460890205171,"MS heb. f.7/17 | Ms. heb. f. 7.17 | The Bodleian Libraries, University of Oxford Ms. heb. f. 7.17",NO_ID_LINKED,Field is empty
990053461420205171,"MS heb. f.7/70 | Ms. heb. f. 7.70 | The Bodleian Libraries, University of Oxford Ms. heb. f. 7.70",NO_ID_LINKED,Field is empty
990053459720205171,"MS heb. e.115/6 | Ms. heb. e. 115.6 | The Bodleian Libraries, University of Oxford Ms. heb. e. 115.6",NO_ID_LINKED,Field is empty
990053476640205171,"MS heb. f.52/25 | Ms. heb. f. 52.25 | The Bodleian Libraries, University of Oxford Ms. heb. f. 52.25",NO_ID_LINKED,Field is empty
997008739663805171,"MS Heb. c.72/32 | Ms. heb. c. 72.32 | The Bodleian Libraries, University of Oxford Ms. heb. c. 72.32",NO_ID_LINKED,Field is empty
990053478080205171,"MS heb. f.53/74 | Ms. heb. f. 53.74 | The Bodleian Libraries, University of Oxford Ms. heb. f. 53.74",NO_ID_LINKED,Field is empty
990053476910205171,"MS heb. f.52/52 | Ms. heb. f. 52.52 | The Bodleian Libraries, University of Oxford Ms. heb. f. 52.52",NO_ID_LINKED,Field is empty
990053461600205171,"MS heb. f.7/88 | Ms. heb. f. 7.88 | The Bodleian Libraries, University of Oxford Ms. heb. f. 7.88",NO_ID_LINKED,Field is empty
990053459810205171,"MS heb. e.115/15 | Ms. heb. e. 115.15 | The Bodleian Libraries, University of Oxford Ms. heb. e. 115.15",NO_ID_LINKED,Field is empty
990053460700205171,"MS heb. f.6/8 | Ms. heb. f. 6.8 | The Bodleian Libraries, University of Oxford Ms. heb. f. 6.8",NO_ID_LINKED,Field is empty
990053468450205171,"MS heb. f.31/13 | Ms. heb. f. 31.13 | The Bodleian Libraries, University of Oxford Ms. heb. f. 31.13",NO_ID_LINKED,Field is empty
990053462050205171,"MS heb. f.7*/20 | Ms. heb. f. 7*.20 | The Bodleian Libraries, University of Oxford Ms. heb. f. 7*.20",NO_ID_LINKED,Field is empty
990053461240205171,"MS heb. f.7/52 | Ms. heb. f. 7.52 | The Bodleian Libraries, University of Oxford Ms. heb. f. 7.52",NO_ID_LINKED,Field is empty
990053476820205171,"MS heb. f.52/43 | Ms. heb. f. 52.43 | The Bodleian Libraries, University of Oxford Ms. heb. f. 52.43",NO_ID_LINKED,Field is empty
990053477900205171,"MS heb. f.53/56 | Ms. heb. f. 53.56 | The Bodleian Libraries, University of Oxford Ms. heb. f. 53.56",NO_ID_LINKED,Field is empty
990053477630205171,"MS heb. f.53/29 | Ms. heb. f. 53.29 | The Bodleian Libraries, University of Oxford Ms. heb. f. 53.29",NO_ID_LINKED,Field is empty
990053492660205171,"MS heb. g.14/5 | Ms. heb. g. 14.5 | The Bodleian Libraries, University of Oxford Ms. heb. g. 14.5",NO_ID_LINKED,Field is empty
990053477450205171,"MS heb. f.53/11 | Ms. heb. f. 53.11 | The Bodleian Libraries, University of Oxford Ms. heb. f. 53.11",NO_ID_LINKED,Field is empty
990053460980205171,"MS heb. f.7/26 | Ms. heb. f. 7.26 | The Bodleian Libraries, University of Oxford Ms. heb. f. 7.26",NO_ID_LINKED,Field is empty
990053477180205171,"MS heb. f.52/79 | Ms. heb. f. 52.79 | The Bodleian Libraries, University of Oxford Ms. heb. f. 52.79",NO_ID_LINKED,Field is empty
997008739664705171,"MS Heb. c.72/23 | Ms. heb. c. 72.23 | The Bodleian Libraries, University of Oxford Ms. heb. c. 72.23",NO_ID_LINKED,Field is empty
990053462140205171,"MS heb. f.7*/29 | Ms. heb. f. 7*.29 | The Bodleian Libraries, University of Oxford Ms. heb. f. 7*.29",NO_ID_LINKED,Field is empty
990053477540205171,"MS heb. f.53/20 | Ms. heb. f. 53.20 | The Bodleian Libraries, University of Oxford Ms. heb. f. 53.20",NO_ID_LINKED,Field is empty
990053461510205171,"MS heb. f.7/79 | Ms. heb. f. 7.79 | The Bodleian Libraries, University of Oxford Ms. heb. f. 7.79",NO_ID_LINKED,Field is empty
990053461790205171,"MS heb. f.7/107 | Ms. heb. f. 7.107 | The Bodleian Libraries, University of Oxford Ms. heb. f. 7.107",NO_ID_LINKED,Field is empty
990053492840205171,"MS heb. g.14/23 | Ms. heb. g. 14.23 | The Bodleian Libraries, University of Oxford Ms. heb. g. 14.23",NO_ID_LINKED,Field is empty
990053461060205171,"MS heb. f.7/34 | Ms. heb. f. 7.34 | The Bodleian Libraries, University of Oxford Ms. heb. f. 7.34",NO_ID_LINKED,Field is empty
990053492750205171,"MS heb. g.14/14 | Ms. heb. g. 14.14 | The Bodleian Libraries, University of Oxford Ms. heb. g. 14.14",NO_ID_LINKED,Field is empty
990053476460205171,"MS heb. f.52/7 | Ms. heb. f. 52.7 | The Bodleian Libraries, University of Oxford Ms. heb. f. 52.7",NO_ID_LINKED,Field is empty
990053477720205171,"MS heb. f.53/38 | Ms. heb. f. 53.38 | The Bodleian Libraries, University of Oxford Ms. heb. f. 53.38",NO_ID_LINKED,Field is empty
997008739658405171,"MS Heb. C.64/6 | Ms. heb. c. 64.6 | The Bodleian Libraries, University of Oxford Ms. heb. c. 64.6",NO_ID_LINKED,Field is empty
990053477360205171,"MS heb. f.53/2 | Ms. heb. f. 53.2 | The Bodleian Libraries, University of Oxford Ms. heb. f. 53.2",NO_ID_LINKED,Field is empty
990053474660205171,"MS heb. f.44/2 | Ms. heb. f. 44.2 | The Bodleian Libraries, University of Oxford Ms. heb. f. 44.2",NO_ID_LINKED,Field is empty
990053468360205171,"MS heb. f.31/4 | Ms. heb. f. 31.4 | The Bodleian Libraries, University of Oxford Ms. heb. f. 31.4",NO_ID_LINKED,Field is empty
990053492930205171,"MS heb. g.14/32 | Ms. heb. g. 14.32 | The Bodleian Libraries, University of Oxford Ms. heb. g. 14.32",NO_ID_LINKED,Field is empty
990053462960205171,"MS heb. f.20/11 | Ms. heb. f. 20.11 | The Bodleian Libraries, University of Oxford Ms. heb. f. 20.11",NO_ID_LINKED,Field is empty
990053632150205171,"MS heb. e.47/6 | Ms. heb. e. 47.6 | The Bodleian Libraries, University of Oxford Ms. heb. e. 47.6",NO_ID_LINKED,Field is empty
990053462870205171,"MS heb. f.20/2 | Ms. heb. f. 20.2 | The Bodleian Libraries, University of Oxford Ms. heb. f. 20.2",NO_ID_LINKED,Field is empty
990053460520205171,"MS heb. f.4/4 | Ms. heb. f. 4.4 | The Bodleian Libraries, University of Oxford Ms. heb. f. 4.4",NO_ID_LINKED,Field is empty
990053431180205171,"MS heb. e.36/1 | Ms. heb. e. 36.1 | The Bodleian Libraries, University of Oxford Ms. heb. e. 36.1",NO_ID_LINKED,Field is empty
990053442890205171,"MS heb. e.50/71 | Ms. heb. e. 50.71 | The Bodleian Libraries, University of Oxford Ms. heb. e. 50.71",NO_ID_LINKED,Field is empty
990053460340205171,"MS heb. f.3/9 | Ms. heb. f. 3.9 | The Bodleian Libraries, University of Oxford Ms. heb. f. 3.9",NO_ID_LINKED,Field is empty
997008739665605171,"Ms. heb. c. 72.5 | The Bodleian Libraries, University of Oxford Ms. heb. c. 72.5",NO_ID_LINKED,Field is empty
990001637080205171,"Catalogue Neubauer 2775 | MS.Heb.c.7_0064_ForeEdge.tif | Ms. heb. c. 07 | The Bodleian Lib Un of Ox MS. Heb. c. 7 | The Bodleian Libraries, University of Oxford Ms. heb. c. 07",NO_ID_LINKED,Field is empty
990053461880205171,"MS heb. f.7*/3 | Ms. heb. f. 7*.3 | The Bodleian Libraries, University of Oxford Ms. heb. f. 7*.3",NO_ID_LINKED,Field is empty
990053460250205171,"MS heb. f.2/29 | Ms. heb. f. 2.29 | The Bodleian Libraries, University of Oxford Ms. heb. f. 2.29",NO_ID_LINKED,Field is empty
997008739659305171,"MS Heb. c.72/15 | Ms. heb. c. 72.15 | The Bodleian Libraries, University of Oxford Ms. heb. c. 72.15",NO_ID_LINKED,Field is empty
990053460070205171,"MS heb. f.2/11 | Ms. heb. f. 2.11 | The Bodleian Libraries, University of Oxford Ms. heb. f. 2.11",NO_ID_LINKED,Field is empty
990053460160205171,"MS heb. f.2/20 | Ms. heb. f. 2.20 | The Bodleian Libraries, University of Oxford Ms. heb. f. 2.20",NO_ID_LINKED,Field is empty
990001638610205171,"Catalogue Neubauer 2794 | Ms. heb. d. 32 | The Bodleian Libraries, University of Oxford Ms. heb. d. 32",NO_ID_LINKED,Field is empty
