normalized_key,sys_ids,variants
cambridgeuniversitylibrarylgmisc121,990053937210205171|990053937310205171,Cambridge University Library Ms. L-G Misc. 121|Cambridge University Library Ms. L-G Misc. 12 1
cambridgeuniversitylibrarylgtalmii71,990053930170205171|990001843600205171,Cambridge University Library Ms. L-G Talm. II 7 1|Cambridge University Library Ms. L-G Talm. II 71
cambridgeuniversitylibrarylgtalmii72,990053930190205171|990001843610205171,Cambridge University Library Ms. L-G Talm. II 7 2|Cambridge University Library Ms. L-G Talm. II 72
cambridgeuniversitylibraryts10k19,990051344480205171|990051344490205171|990051344500205171|990051344510205171,Cambridge University Library Ms. T-S 10 K 19
cambridgeuniversitylibrarytsk25.236,997012720577105171|990051218700205171,Cambridge University Library Ms. T-S K 25.236
cambridgeuniversitylibrarytsk27.16,990051233670205171|990051233680205171|990051233690205171,Cambridge University Library Ms. T-S K 27.16
cambridgeuniversitylibrarytsk7.15,990051207310205171|997011228208405171,Cambridge University Library Ms. T-S K 7.15
cambridgeuniversitylibrarytsk7.15a,997011219007005171|997011217208905171|997011219007105171|997011219008105171|997011219007205171|997011219006505171|997011219008405171|997011219007605171|997011219007905171,Cambridge University Library Ms. T-S K 7.15a
cambridgeuniversitylibrarytsns175.2,990051727320205171|990051727270205171|990051727290205171|990051727300205171,Cambridge University Library Ms. T-S NS 175.2
cambridgeuniversitylibrarytsns176.10,990051727400205171|990051727420205171|990051727430205171|990051727350205171|990051727370205171|990051727380205171|990051727390205171,Cambridge University Library Ms. T-S NS 176.10
cambridgeuniversitylibrarytsns178.4,990051727520205171|990051727540205171|990051727550205171|990051727560205171,Cambridge University Library Ms. T-S NS 178.4
cambridgeuniversitylibrarytsns178.8,990051727590205171|990051727580205171,Cambridge University Library Ms. T-S NS 178.8
cambridgeuniversitylibrarytsns259.2,990051730200205171|990051730210205171,Cambridge University Library Ms. T-S NS 259.2
cambridgeuniversitylibrarytsns291.30,990051730910205171|990051730900205171,Cambridge University Library Ms. T-S NS 291.30
cambridgeuniversitylibrarytsns308.89,990051106440205171|990051731050205171,Cambridge University Library Ms. T-S NS 308.89
cambridgeuniversitylibrarytsns309.31,990051731110205171|990051731120205171|990051731130205171,Cambridge University Library Ms. T-S NS 309.31
cambridgeuniversitylibrarytsns310.29,990051731270205171|990051731280205171,Cambridge University Library Ms. T-S NS 310.29
cambridgeuniversitylibrarytsns312.106,990051731650205171|990051705320205171,Cambridge University Library Ms. T-S NS 312.106
cambridgeuniversitylibrarytsns312.122,990051705440205171|990051731660205171,Cambridge University Library Ms. T-S NS 312.122
cambridgeuniversitylibrarytsns312.134,990051731670205171|990051108970205171,Cambridge University Library Ms. T-S NS 312.134
cambridgeuniversitylibrarytsns312.49,990051731610205171|990051731620205171,Cambridge University Library Ms. T-S NS 312.49
cambridgeuniversitylibrarytsns312.91,990051731640205171|990051705190205171,Cambridge University Library Ms. T-S NS 312.91
cambridgeuniversitylibrarytsns329.753,990001420890205171|990051104680205171,Cambridge University Library Ms. T-S NS 329/0753|Cambridge University Library Ms. T-S NS 329.753
cambridgeuniversitylibrarytsns329.758,990051106440205171|990051731050205171,Cambridge University Library Ms. T-S NS 329.758
cambridgeuniversitylibrarytsns329.766,990001420940205171|990051106730205171,Cambridge University Library Ms. T-S NS 329/0766|Cambridge University Library Ms. T-S NS 329.766
cambridgeuniversitylibrarytsns329.878,990051731650205171|990051705320205171,Cambridge University Library Ms. T-S NS 329.878
cambridgeuniversitylibrarytsns329.879,990051705440205171|990051731660205171,Cambridge University Library Ms. T-S NS 329.879
cambridgeuniversitylibrarytsns329.880,990051731670205171|990051108970205171,Cambridge University Library Ms. T-S NS 329.880
lgmisc121,990053937210205171|990053937310205171,Ms. L-G Misc. 121|Ms. L-G Misc. 12 1
lgtalmii71,990053930170205171|990001843600205171,Ms. L-G Talm. II 7 1|Ms. L-G Talm. II 71
lgtalmii72,990053930190205171|990001843610205171,Ms. L-G Talm. II 7 2|Ms. L-G Talm. II 72
misc121,990053937210205171|990053937310205171,Ms. Misc. 121|Ms. Misc. 12 1
or108011.33,990052437910205171|990052434970205171,Ms. Or. 1080 11.33|Or.1080 11.33
or108011.34,990052437940205171|990052434980205171,Ms. Or. 1080 11.34|Or.1080 11.34
or108011.35,990052438440205171|990052434990205171,Ms. Or. 1080 11.35|Or.1080 11.35
or108011.36,990052438640205171|990052435000205171,Ms. Or. 1080 11.36|Or.1080 11.36
or108011.37,990052438410205171|990052435010205171,Ms. Or. 1080 11.37|Or.1080 11.37
or108011.38,990052438430205171|990052435020205171,Ms. Or. 1080 11.38|Or.1080 11.38
or108011.39,990052438500205171|990052435030205171,Ms. Or. 1080 11.39|Or.1080 11.39
or108011.41,990052438590205171|990052435050205171,Ms. Or. 1080 11.41|Or.1080 11.41
or108011.42,990052439000205171|990052435060205171,Ms. Or. 1080 11.42|Or.1080 11.42
or108011.43,990052438100205171|990052435070205171,Ms. Or. 1080 11.43|Or.1080 11.43
or108011.46,990052438580205171|990052435100205171,Ms. Or. 1080 11.46|Or.1080 11.46
or108011.47,990052438910205171|990052435110205171,Ms. Or. 1080 11.47|Or.1080 11.47
or108011.48,990052437920205171|990052435120205171,Ms. Or. 1080 11.48|Or.1080 11.48
or108011.49,990052439080205171|990052435130205171,Ms. Or. 1080 11.49|Or.1080 11.49
or108011.51,990052438900205171|990052435150205171,Ms. Or. 1080 11.51|Or.1080 11.51
or108011.52,990052439130205171|990052435160205171,Ms. Or. 1080 11.52|Or.1080 11.52
or108011.53,990052438720205171|990052435170205171,Ms. Or. 1080 11.53|Or.1080 11.53
or108011.54,990052438090205171|990052435180205171,Ms. Or. 1080 11.54|Or.1080 11.54
or108011.55,990052438420205171|990052435190205171,Ms. Or. 1080 11.55|Or.1080 11.55
or108011.56,990052438540205171|990052435200205171,Ms. Or. 1080 11.56|Or.1080 11.56
or108011.57,990052438450205171|990052435210205171,Ms. Or. 1080 11.57|Or.1080 11.57
or108011.58,990052438600205171|990052435220205171,Ms. Or. 1080 11.58|Or.1080 11.58
or108011.59,990052438790205171|990052435230205171,Ms. Or. 1080 11.59|Or.1080 11.59
or108013.11,990032422340205171|990052435940205171,Or.1080 13.11
or108013.12,990032422370205171|990052435950205171,Or.1080 13.12
or108013.13,990032422500205171|990052435960205171,Or.1080 13.13
or108013.14,990032423610205171|990052435970205171,Or.1080 13.14
or108013.15,990032424200205171|990052435980205171,Or.1080 13.15
or108013.16,990032424690205171|990052435990205171,Or.1080 13.16
or108013.17,990032424890205171|990052436000205171,Or.1080 13.17
or108013.18,990032424970205171|990052436010205171,Or.1080 13.18
or108013.19,990032426230205171|990052436020205171,Or.1080 13.19
or108013.20,990032426370205171|990052436030205171,Or.1080 13.20
or108013.22,990032430850205171|990052436050205171,Or.1080 13.22
or108013.23,990032431110205171|990051112550205171,Or.1080 13.23
or108013.25,990032411620205171|990052436070205171,Or.1080 13.25
or108013.26,990032432470205171|990052436080205171,Or.1080 13.26
or108013.27,990032432630205171|990052436090205171,Or.1080 13.27
or108013.28,990032433220205171|990052436100205171,Or.1080 13.28
or108013.29,990032433570205171|990051112560205171,Or.1080 13.29
or108013.3.1,990032412570205171|990051112490205171,Or.1080 13.3.1
or108013.3.2,990032412800205171|990051112500205171,Or.1080 13.3.2
or108013.3.3,990032413150205171|990051112510205171,Or.1080 13.3.3
or108013.3.4,990032413260205171|990051112520205171,Or.1080 13.3.4
or108013.3.5,990032413760205171|990051112530205171,Or.1080 13.3.5
or108013.3.6,990032415530205171|990051112540205171,Or.1080 13.3.6
or108013.30,990032438590205171|990052436110205171,Or.1080 13.30
or108013.31,990032438770205171|990052436120205171,Or.1080 13.31
or108013.32,990032439130205171|990052436130205171,Or.1080 13.32
or108013.33,990032440150205171|990052436140205171,Or.1080 13.33
or108013.34,990032440170205171|990052436150205171,Or.1080 13.34
or108013.35,990032440190205171|990052436160205171,Or.1080 13.35
or108013.36,990032440940205171|990052436170205171,Ms. Or. 1080 13.36|Or.1080 13.36
or108013.37,990032441530205171|990052436180205171,Or.1080 13.37
or108013.38,990032445180205171|990051112570205171,Or.1080 13.38
or108013.39,990032451010205171|990051112580205171,Or.1080 13.39
or108013.40,990032451010205171|990051112590205171,Or.1080 13.40
or108013.41,990029259430205171|990051112600205171,Or.1080 13.41
or108013.45,990032411630205171|990051112610205171,Or.1080 13.45
or108013.46,990029259430205171|990051112620205171,Or.1080 13.46
or108013.48,990032451010205171|990051112630205171,Or.1080 13.48
or108013.49,990036765150205171|990052436230205171,Or.1080 13.49
or108013.50,990036767810205171|990052436240205171,Or.1080 13.50
or108013.51,990036768050205171|990052436250205171,Or.1080 13.51
or108013.52,990036768450205171|990052436260205171,Or.1080 13.52
or108013.55,990038365160205171|990051112640205171,Or.1080 13.55
or108013.69,990001403630205171|990052436420205171,Or.1080 13.69
or108015.23,990034835740205171|990052437320205171,Or.1080 15.23
or108015.24,990034836320205171|990052437330205171,Or.1080 15.24
or108015.25,990034837020205171|990052437340205171,Or.1080 15.25
or108015.3,990034799980205171|990052437130205171,Or.1080 15.3
or108015.30,990001403660205171|990051112720205171,Or.1080 15.30
or108015.31,990001403670205171|990051112730205171,Or.1080 15.31
or108015.32,990001403690205171|990051112740205171,Or.1080 15.32
or108015.33,990001403700205171|990052437380205171,Or.1080 15.33
or108015.34,990001403710205171|990052437390205171,Or.1080 15.34
or108015.41,990001403720205171|990051112750205171,Or.1080 15.41
or108015.43,990001403730205171|990052437470205171,Or.1080 15.43
or108015.5,990034800920205171|990052437150205171,Or.1080 15.5
or108015.52,990001403740205171|990052437550205171,Or.1080 15.52
or108015.57,990001403750205171|990051112770205171,Or.1080 15.57
or108015.58,990028768440205171|990051112780205171,Or.1080 15.58
or108015.6,990034801880205171|990052437160205171,Or.1080 15.6
or108015.7,990034801990205171|990052437170205171,Or.1080 15.7
or108015.8,990034817280205171|990051112700205171,Or.1080 15.8
or108015.9,990034819110205171|990052437180205171,Or.1080 15.9
or10802.1,990025773580205171|990052431770205171,Or.1080 2.1
or10802.10,990038627580205171|990051111940205171,Or.1080 2.10
or10802.11,990038627660205171|990052431820205171,Or.1080 2.11
or10802.12,990038628460205171|990052431830205171,Or.1080 2.12
or10802.13,990038630790205171|990052431840205171,Or.1080 2.13
or10802.14,990038632910205171|990051111950205171,Or.1080 2.14
or10802.16,990038638170205171|990051111960205171,Or.1080 2.16
or10802.17,990038638590205171|990052431860205171,Or.1080 2.17
or10802.18,990025779150205171|990052431870205171,Or.1080 2.18
or10802.19,990025817300205171|990052431880205171,Or.1080 2.19
or10802.2,990025775520205171|990051111900205171,Or.1080 2.2
or10802.21,990025779510205171|990051111970205171,Or.1080 2.21
or10802.22,990025784470205171|990051111980205171,Or.1080 2.22
or10802.25,990001403300205171|990052431920205171,Or.1080 2.25
or10802.26,990038638630205171|990052431930205171,Or.1080 2.26
or10802.27,990025786280205171|990051111990205171,Or.1080 2.27
or10802.3,990038625130205171|990052431780205171,Or.1080 2.3
or10802.30,990052438300205171|990052431960205171,Ms. Or. 1080 2.30|Or.1080 2.30
or10802.33,990052437780205171|990052431980205171,Ms. Or. 1080 2.33|Or.1080 2.33
or10802.34,990052438700205171|990052431990205171,Ms. Or. 1080 2.34|Or.1080 2.34
or10802.39,990052438470205171|990052432040205171,Ms. Or. 1080 2.39|Or.1080 2.39
or10802.4,990038625300205171|990051111910205171,Or.1080 2.4
or10802.40,990052439020205171|990052432050205171,Ms. Or. 1080 2.40|Or.1080 2.40
or10802.5,990038625720205171|990051111920205171,Or.1080 2.5
or10802.6,990038626410205171|990051111930205171,Or.1080 2.6
or10802.7,990038626540205171|990052431790205171,Or.1080 2.7
or10802.79,990052433450205171|990052432340205171,Ms. Or. 1080 2.79|Or.1080 2.79
or10802.80,990025816540205171|990052432350205171,Or.1080 2.80
or10802.81,990038646150205171|990052432360205171,Or.1080 2.81
or10802.82,990025816860205171|990052432370205171,Or.1080 2.82
or10802.9,990038627160205171|990052431810205171,Or.1080 2.9
or10803.2,990025817750205171|990052432390205171,Or.1080 3.2
or10803.8,990052439010205171|990052432440205171,Ms. Or. 1080 3.8|Or.1080 3.8
or10804.62,990052439160205171|990052433390205171,Ms. Or. 1080 4.62|Or.1080 4.62
or10804.63,990052439170205171|990052433400205171,Ms. Or. 1080 4.63|Or.1080 4.63
or10804.64,990052439180205171|990052433410205171,Ms. Or. 1080 4.64|Or.1080 4.64
or10805.12,990052439300205171|990052433550205171,Ms. Or. 1080 5.12|Or.1080 5.12
or10807.20,990052439030205171|990052434080205171,Ms. Or. 1080 7.20|Or.1080 7.20
or10807.21,990052439040205171|990052434090205171,Ms. Or. 1080 7.21|Or.1080 7.21
or10808.10,990052438160205171|990052434190205171,Ms. Or. 1080 8.10|Or.1080 8.10
or10808.11,990052438170205171|990052434200205171,Ms. Or. 1080 8.11|Or.1080 8.11
or10808.12,990052438180205171|990052434210205171,Ms. Or. 1080 8.12|Or.1080 8.12
or10808.13,990052438190205171|990052434220205171,Ms. Or. 1080 8.13|Or.1080 8.13
or10808.14,990052438200205171|990052434230205171,Ms. Or. 1080 8.14|Or.1080 8.14
or10808.15,990052438210205171|990052434240205171,Ms. Or. 1080 8.15|Or.1080 8.15
or10808.16,990052438220205171|990052434250205171,Ms. Or. 1080 8.16|Or.1080 8.16
or10808.17,990052438230205171|990052434260205171,Ms. Or. 1080 8.17|Or.1080 8.17
or10808.4,990052438030205171|990052434130205171,Ms. Or. 1080 8.4|Or.1080 8.4
or10808.7,990052438140205171|990052434160205171,Ms. Or. 1080 8.7|Or.1080 8.7
or10808.8,990052439060205171|990052434170205171,Ms. Or. 1080 8.8|Or.1080 8.8
or10809.18,990052439290205171|990052434430205171,Ms. Or. 1080 9.18|Or.1080 9.18
or1080a1.10,990052435530205171|990052437870205171,Or.1080 A1.10
or1080a1.18,990052435820205171|990052437950205171,Or.1080 A1.18
or1080a1.2,990052431800205171|990052437790205171,Or.1080 A1.2
or1080a1.6,990052435790205171|990052437830205171,Or.1080 A1.6
or1080a1.8,990052435720205171|990052437850205171,Or.1080 A1.8
or1080a1.9,990052435520205171|990052437860205171,Or.1080 A1.9
or1080a12.1,990052435670205171|990052438610205171,Or.1080 A12.1
or1080a12.2,990052435610205171|990052438620205171,Or.1080 A12.2
or1080a13.10,990052435680205171|990052438750205171,Or.1080 A13.10
or1080a13.11,990052435630205171|990052438760205171,Or.1080 A13.11
or1080a13.12,990052435590205171|990052438770205171,Or.1080 A13.12
or1080a13.13,990052435580205171|990052438780205171,Or.1080 A13.13
or1080a13.15,990052436210205171|990052438800205171,Or.1080 A13.15
or1080a13.8,990052435710205171|990052438730205171,Or.1080 A13.8
or1080a13.9,990052435700205171|990052438740205171,Or.1080 A13.9
or1080a15,990052435640205171|990052438810205171,Or.1080 A15
or1080a2.4,990052435780205171|990052437990205171,Or.1080 A2.4
or1080a2.5,990052435740205171|990052438000205171,Or.1080 A2.5
or1080a2.6,990052435690205171|990052438010205171,Or.1080 A2.6
or1080a20.6,990052435800205171|990052438920205171,Or.1080 A20.6
or1080a20.7,990052435540205171|990052438930205171,Or.1080 A20.7
or1080a21.1b,990032422340205171|990052438970205171,Or.1080 A21.1b
or1080a3.21,990052435810205171|990052438240205171,Or.1080 A3.21
or1080a4.10,990052435730205171|990052438340205171,Or.1080 A4.10
or1080a4.11,990052435660205171|990052438350205171,Or.1080 A4.11
or1080a4.12,990052435650205171|990052438360205171,Or.1080 A4.12
or1080a4.13,990052435620205171|990052438370205171,Or.1080 A4.13
or1080a4.14,990052435600205171|990052438380205171,Or.1080 A4.14
or1080a4.7,990052431910205171|990052438310205171,Or.1080 A4.7
or1080a4.8,990052431900205171|990052438320205171,Or.1080 A4.8
or1080a4.9,990052435760205171|990052438330205171,Or.1080 A4.9
or1080a6.1,990052435560205171|990052438490205171,Or.1080 A6.1
or1080a7.1,990052435500205171|990052438510205171,Or.1080 A7.1
or1080a8.2,990052435490205171|990052438530205171,Or.1080 A8.2
or1080a9.1,990052435570205171|990052438550205171,Or.1080 A9.1
or1080a9.2,990052435510205171|990052438560205171,Or.1080 A9.2
or1080b14.1,990052431950205171|990052439110205171,Or.1080 B14.1
or1080b16.1,990052431890205171|990052439120205171,Or.1080 B16.1
or1080b16.3,990052435750205171|990052439140205171,Or.1080 B16.3
or1080b16.4,990052435550205171|990052439150205171,Or.1080 B16.4
or1080b18.4,990052431940205171|990052439190205171,Or.1080 B18.4
or1080b2.2,990052436430205171|990052439070205171,Or.1080 B2.2
or1080b6.2,990052431850205171|990052439090205171,Or.1080 B6.2
talmii71,990053930170205171|990001843600205171,Ms. Talm. II 7 1|Ms. Talm. II 71
talmii72,990053930190205171|990001843610205171,Ms. Talm. II 7 2|Ms. Talm. II 72
ts10k19,990051344480205171|990051344490205171|990051344500205171|990051344510205171|990051242430205171,Ms. T-S 10 K 19|T-S 10K19
ts12.560,990051347200205171|990051338150205171,Ms. T-S 12.560|T-S 12.560
ts12.76,990051332710205171|990051333600205171,Ms. T-S 12.76|T-S 12.76
ts13f2.1,990051242760205171|990051252650205171,Ms. T-S 13 F 2.1|T-S 13F2.1
ts16.217,990051347430205171|990051343000205171,Ms. T-S 16.217|T-S 16.217
ts20.88,990051347200205171|990051345450205171,Ms. T-S 20.88|T-S 20.88
ts8.225,990051347430205171|990051332320205171,Ms. T-S 8.225|T-S 8.225
ts8j35.3,990051240920205171|990051231570205171,Ms. T-S 8 J 35.3|T-S 8J35.3
ts8j35.6,990051240930205171|990051231600205171,Ms. T-S 8 J 35.6|T-S 8J35.6
ts8ka1,990051344240205171|990051233370205171,Ms. T-S 8 Ka.1|T-S 8Ka.1
tsa1.52,990051141310205171|990051113940205171,Ms. T-S A 1.52|T-S A1.52
tsar18(2).46,990051260510205171|990051262400205171,Ms. T-S Ar. 18(2).46|T-S Ar.18(2).46
tsj2.30,990051240500205171|990051199860205171,Ms. T-S J 2.30|T-S J2.30
tsj2.31,990051231160205171|990051199870205171,Ms. T-S J 2.31|T-S J2.31
tsj2.46,990051231190205171|990051200020205171,Ms. T-S J 2.46|T-S J2.46
tsj2.48,990051231150205171|990051200040205171,Ms. T-S J 2.48|T-S J2.48
tsj2a,990051240490205171|990051200380205171,Ms. T-S J 2A|T-S J2A
tsk12.98,990051211210205171|997011935674405171,Ms. T-S K 12.98|T-S K12.98
tsk21.3,990051250360205171|990051214410205171,Ms. T-S K 21.3|T-S K21.3
tsk25.236,997012720577105171|990051218700205171,Ms. T-S K 25.236|T-S K25.236
tsk27.16,990051233670205171|990051233680205171|990051233690205171|990051220340205171,Ms. T-S K 27.16|T-S K27.16
tsk7.15,997011219007005171|997011217208905171|997011247028705171|997011219007105171|997011219008105171|997011219007205171|990051207310205171|997011219007305171|997011219008205171|997011219006505171|997011219007505171|997011219008405171|997011217208405171|997011219007605171|997011217208505171|997011219006805171|997011228208405171|997011219007905171,T-S K7.15|Ms. T-S K 7.15
tsk7.15a,997011219007005171|997011217208905171|997011219007105171|997011219008105171|997011219007205171|997011219006505171|997011219008405171|997011219007605171|997011219007905171,Ms. T-S K 7.15a
tsloancollection10,990051125040205171|990052445250205171,Ms. T-S Loan Collection 10|T-S Loan Collection 10
tsloancollection100,990051125840205171|990051113230205171,Ms. T-S Loan Collection 100|T-S Loan Collection 100
tsloancollection101,990051125850205171|990052446770205171,Ms. T-S Loan Collection 101|T-S Loan Collection 101
tsloancollection102,990051125860205171|990051113240205171,Ms. T-S Loan Collection 102|T-S Loan Collection 102
tsloancollection103,990051125870205171|990052446800205171,Ms. T-S Loan Collection 103|T-S Loan Collection 103
tsloancollection104,990051125880205171|990052446820205171,Ms. T-S Loan Collection 104|T-S Loan Collection 104
tsloancollection105,990051125890205171|990052446840205171,Ms. T-S Loan Collection 105|T-S Loan Collection 105
tsloancollection106,990051125900205171|990052446860205171,Ms. T-S Loan Collection 106|T-S Loan Collection 106
tsloancollection107,990051125910205171|990052446880205171,Ms. T-S Loan Collection 107|T-S Loan Collection 107
tsloancollection108,990051125920205171|990051113250205171,Ms. T-S Loan Collection 108|T-S Loan Collection 108
tsloancollection109,990051125960205171|990052446910205171,Ms. T-S Loan Collection 109|T-S Loan Collection 109
tsloancollection110,990051125970205171|990052446930205171,Ms. T-S Loan Collection 110|T-S Loan Collection 110
tsloancollection111,990051125980205171|990052446950205171,Ms. T-S Loan Collection 111|T-S Loan Collection 111
tsloancollection113,990051125990205171|990052446990205171,Ms. T-S Loan Collection 113|T-S Loan Collection 113
tsloancollection114,990051126000205171|990052447010205171,Ms. T-S Loan Collection 114|T-S Loan Collection 114
tsloancollection115,990051126010205171|990052447030205171,Ms. T-S Loan Collection 115|T-S Loan Collection 115
tsloancollection116,990051126020205171|990051113260205171,Ms. T-S Loan Collection 116|T-S Loan Collection 116
tsloancollection117,990051126030205171|990052447060205171,Ms. T-S Loan Collection 117|T-S Loan Collection 117
tsloancollection118,990051126040205171|990051113270205171,Ms. T-S Loan Collection 118|T-S Loan Collection 118
tsloancollection119,990051126050205171|990052447090205171,Ms. T-S Loan Collection 119|T-S Loan Collection 119
tsloancollection12,990051125050205171|990052445270205171,Ms. T-S Loan Collection 12|T-S Loan Collection 12
tsloancollection120,990051126060205171|990051113280205171,Ms. T-S Loan Collection 120|T-S Loan Collection 120
tsloancollection121,990051126070205171|990052447120205171,Ms. T-S Loan Collection 121|T-S Loan Collection 121
tsloancollection122,990051126080205171|990052447140205171,Ms. T-S Loan Collection 122|T-S Loan Collection 122
tsloancollection123,990051126090205171|990052447160205171,Ms. T-S Loan Collection 123|T-S Loan Collection 123
tsloancollection124,990051126100205171|990052447180205171,Ms. T-S Loan Collection 124|T-S Loan Collection 124
tsloancollection125,990051126110205171|990052447200205171,Ms. T-S Loan Collection 125|T-S Loan Collection 125
tsloancollection126,990051126120205171|990052447220205171,Ms. T-S Loan Collection 126|T-S Loan Collection 126
tsloancollection127,990051126130205171|990052447240205171,Ms. T-S Loan Collection 127|T-S Loan Collection 127
tsloancollection128,990051126140205171|990052447260205171,Ms. T-S Loan Collection 128|T-S Loan Collection 128
tsloancollection129,990051126150205171|990052447280205171,Ms. T-S Loan Collection 129|T-S Loan Collection 129
tsloancollection13,990051125060205171|990052445280205171,Ms. T-S Loan Collection 13|T-S Loan Collection 13
tsloancollection130,990051126160205171|990052447300205171,Ms. T-S Loan Collection 130|T-S Loan Collection 130
tsloancollection131,990051126170205171|990052447320205171,Ms. T-S Loan Collection 131|T-S Loan Collection 131
tsloancollection132,990051126180205171|990052447340205171,Ms. T-S Loan Collection 132|T-S Loan Collection 132
tsloancollection133,990051126190205171|990052447360205171,Ms. T-S Loan Collection 133|T-S Loan Collection 133
tsloancollection134,990051126200205171|990052447380205171,Ms. T-S Loan Collection 134|T-S Loan Collection 134
tsloancollection135,990051126210205171|990052447400205171,Ms. T-S Loan Collection 135|T-S Loan Collection 135
tsloancollection136,990051126220205171|990052447420205171,Ms. T-S Loan Collection 136|T-S Loan Collection 136
tsloancollection137,990051126230205171|990052447440205171,Ms. T-S Loan Collection 137|T-S Loan Collection 137
tsloancollection138,990051126240205171|990052447460205171,Ms. T-S Loan Collection 138|T-S Loan Collection 138
tsloancollection139,990051126250205171|990052447480205171,Ms. T-S Loan Collection 139|T-S Loan Collection 139
tsloancollection140,990051126260205171|990052447490205171,Ms. T-S Loan Collection 140|T-S Loan Collection 140
tsloancollection141,990051126270205171|990052447500205171,Ms. T-S Loan Collection 141|T-S Loan Collection 141
tsloancollection142,990051126280205171|990052447510205171,Ms. T-S Loan Collection 142|T-S Loan Collection 142
tsloancollection143,990051126290205171|990052447520205171,Ms. T-S Loan Collection 143|T-S Loan Collection 143
tsloancollection144,990051126300205171|990052447530205171,Ms. T-S Loan Collection 144|T-S Loan Collection 144
tsloancollection145,990051126310205171|990052447540205171,Ms. T-S Loan Collection 145|T-S Loan Collection 145
tsloancollection146,990051126320205171|990052447550205171,Ms. T-S Loan Collection 146|T-S Loan Collection 146
tsloancollection147,990051126330205171|990052447560205171,Ms. T-S Loan Collection 147|T-S Loan Collection 147
tsloancollection148,990051126340205171|990052447570205171,Ms. T-S Loan Collection 148|T-S Loan Collection 148
tsloancollection149,990051126350205171|990052447580205171,Ms. T-S Loan Collection 149|T-S Loan Collection 149
tsloancollection15,990051125070205171|990052445300205171,Ms. T-S Loan Collection 15|T-S Loan Collection 15
tsloancollection150,990051126360205171|990052447590205171,Ms. T-S Loan Collection 150|T-S Loan Collection 150
tsloancollection151,990051126370205171|990052447600205171,Ms. T-S Loan Collection 151|T-S Loan Collection 151
tsloancollection152,990051126380205171|990052447610205171,Ms. T-S Loan Collection 152|T-S Loan Collection 152
tsloancollection153,990051381960205171|990052447620205171,Ms. T-S Loan Collection 153|T-S Loan Collection 153
tsloancollection154,990051381970205171|990052447630205171,Ms. T-S Loan Collection 154|T-S Loan Collection 154
tsloancollection155,990051381980205171|990052447640205171,Ms. T-S Loan Collection 155|T-S Loan Collection 155
tsloancollection156,990051381990205171|990052447650205171,Ms. T-S Loan Collection 156|T-S Loan Collection 156
tsloancollection157,990051084080205171|990051113290205171,Ms. T-S Loan Collection 157|T-S Loan Collection 157
tsloancollection158,990051382000205171|990052447660205171,Ms. T-S Loan Collection 158|T-S Loan Collection 158
tsloancollection159,990051382010205171|990052447670205171,Ms. T-S Loan Collection 159|T-S Loan Collection 159
tsloancollection16,990051125080205171|990052445310205171,Ms. T-S Loan Collection 16|T-S Loan Collection 16
tsloancollection160,990051382020205171|990052447680205171,Ms. T-S Loan Collection 160|T-S Loan Collection 160
tsloancollection161,990051382030205171|990052447690205171,Ms. T-S Loan Collection 161|T-S Loan Collection 161
tsloancollection162,990051084090205171|990051113300205171,Ms. T-S Loan Collection 162|T-S Loan Collection 162
tsloancollection163,990051382040205171|990052447700205171,Ms. T-S Loan Collection 163|T-S Loan Collection 163
tsloancollection164,990051382050205171|990052447710205171,Ms. T-S Loan Collection 164|T-S Loan Collection 164
tsloancollection165,990051382060205171|990052447720205171,Ms. T-S Loan Collection 165|T-S Loan Collection 165
tsloancollection166,990051382070205171|990052447730205171,Ms. T-S Loan Collection 166|T-S Loan Collection 166
tsloancollection168,990051382080205171|990052447750205171,Ms. T-S Loan Collection 168|T-S Loan Collection 168
tsloancollection17,990051125090205171|990052445320205171,Ms. T-S Loan Collection 17|T-S Loan Collection 17
tsloancollection170,990051382090205171|990052447760205171,Ms. T-S Loan Collection 170|T-S Loan Collection 170
tsloancollection171,990051084100205171|990051113320205171,Ms. T-S Loan Collection 171|T-S Loan Collection 171
tsloancollection172,990051382100205171|990052447770205171,Ms. T-S Loan Collection 172|T-S Loan Collection 172
tsloancollection173,990051084110205171|990051113330205171,Ms. T-S Loan Collection 173|T-S Loan Collection 173
tsloancollection174,990051382110205171|990052447780205171,Ms. T-S Loan Collection 174|T-S Loan Collection 174
tsloancollection176,990051382130205171|990052447800205171,Ms. T-S Loan Collection 176|T-S Loan Collection 176
tsloancollection177,990051084120205171|990051113340205171,Ms. T-S Loan Collection 177|T-S Loan Collection 177
tsloancollection178,990051382140205171|990052447810205171,Ms. T-S Loan Collection 178|T-S Loan Collection 178
tsloancollection179,990051382150205171|990052447820205171,Ms. T-S Loan Collection 179|T-S Loan Collection 179
tsloancollection18,990051125100205171|990051113150205171,Ms. T-S Loan Collection 18|T-S Loan Collection 18
tsloancollection180,990051382160205171|990052447830205171,Ms. T-S Loan Collection 180|T-S Loan Collection 180
tsloancollection181,990051084130205171|990051113350205171,Ms. T-S Loan Collection 181|T-S Loan Collection 181
tsloancollection182,990051084140205171|990051113360205171,Ms. T-S Loan Collection 182|T-S Loan Collection 182
tsloancollection183,990051084150205171|990051113370205171,Ms. T-S Loan Collection 183|T-S Loan Collection 183
tsloancollection184,990051084160205171|990051113380205171,Ms. T-S Loan Collection 184|T-S Loan Collection 184
tsloancollection185,990051382170205171|990052447840205171,Ms. T-S Loan Collection 185|T-S Loan Collection 185
tsloancollection187,990051382190205171|990052447860205171,Ms. T-S Loan Collection 187|T-S Loan Collection 187
tsloancollection188,990051382200205171|990052447870205171,Ms. T-S Loan Collection 188|T-S Loan Collection 188
tsloancollection19,990051125110205171|990052445330205171,Ms. T-S Loan Collection 19|T-S Loan Collection 19
tsloancollection190,990051382220205171|990052447890205171,Ms. T-S Loan Collection 190|T-S Loan Collection 190
tsloancollection191,990051382230205171|990052447900205171,Ms. T-S Loan Collection 191|T-S Loan Collection 191
tsloancollection192,990051382240205171|990052447910205171,Ms. T-S Loan Collection 192|T-S Loan Collection 192
tsloancollection193,990051382250205171|990052447920205171,Ms. T-S Loan Collection 193|T-S Loan Collection 193
tsloancollection194,990051382260205171|990052447930205171,Ms. T-S Loan Collection 194|T-S Loan Collection 194
tsloancollection195,990051382270205171|990052447940205171,Ms. T-S Loan Collection 195|T-S Loan Collection 195
tsloancollection196,990051382280205171|990052447950205171,Ms. T-S Loan Collection 196|T-S Loan Collection 196
tsloancollection197,990051382290205171|990052447960205171,Ms. T-S Loan Collection 197|T-S Loan Collection 197
tsloancollection199,990051382310205171|990052447980205171,Ms. T-S Loan Collection 199|T-S Loan Collection 199
tsloancollection20,990051125120205171|990052445340205171,Ms. T-S Loan Collection 20|T-S Loan Collection 20
tsloancollection200,990051382320205171|990052447990205171,Ms. T-S Loan Collection 200|T-S Loan Collection 200
tsloancollection201,990051382330205171|990052448000205171,Ms. T-S Loan Collection 201|T-S Loan Collection 201
tsloancollection202,990051382340205171|990052448010205171,Ms. T-S Loan Collection 202|T-S Loan Collection 202
tsloancollection204,990051382350205171|990052448020205171,Ms. T-S Loan Collection 204|T-S Loan Collection 204
tsloancollection205,990051382360205171|990052448030205171,Ms. T-S Loan Collection 205|T-S Loan Collection 205
tsloancollection206,990051382370205171|990052448040205171,Ms. T-S Loan Collection 206|T-S Loan Collection 206
tsloancollection207,990051382380205171|990052448050205171,Ms. T-S Loan Collection 207|T-S Loan Collection 207
tsloancollection209,990051084170205171|990051113400205171,Ms. T-S Loan Collection 209|T-S Loan Collection 209
tsloancollection21,990051125130205171|990052445350205171,Ms. T-S Loan Collection 21|T-S Loan Collection 21
tsloancollection22,990051125140205171|990052445370205171,Ms. T-S Loan Collection 22|T-S Loan Collection 22
tsloancollection23,990051125150205171|990052445380205171,Ms. T-S Loan Collection 23|T-S Loan Collection 23
tsloancollection24,990051125160205171|990052445390205171,Ms. T-S Loan Collection 24|T-S Loan Collection 24
tsloancollection25,990051125170205171|990052445400205171,Ms. T-S Loan Collection 25|T-S Loan Collection 25
tsloancollection26,990051125180205171|990052445410205171,Ms. T-S Loan Collection 26|T-S Loan Collection 26
tsloancollection27,990051125190205171|990052445420205171,Ms. T-S Loan Collection 27|T-S Loan Collection 27
tsloancollection29,990051125200205171|990052445440205171,Ms. T-S Loan Collection 29|T-S Loan Collection 29
tsloancollection3,990051124990205171|990052445190205171,Ms. T-S Loan Collection 3|T-S Loan Collection 3
tsloancollection30,990051125210205171|990052445450205171,Ms. T-S Loan Collection 30|T-S Loan Collection 30
tsloancollection31,990051125220205171|990052445470205171,Ms. T-S Loan Collection 31|T-S Loan Collection 31
tsloancollection32,990051125230205171|990052445480205171,Ms. T-S Loan Collection 32|T-S Loan Collection 32
tsloancollection33,990051125240205171|990052445500205171,Ms. T-S Loan Collection 33|T-S Loan Collection 33
tsloancollection34,990051125250205171|990052445520205171,Ms. T-S Loan Collection 34|T-S Loan Collection 34
tsloancollection36,990051125260205171|990052445560205171,Ms. T-S Loan Collection 36|T-S Loan Collection 36
tsloancollection37,990051125270205171|990052445580205171,Ms. T-S Loan Collection 37|T-S Loan Collection 37
tsloancollection39,990051125280205171|990051113160205171,Ms. T-S Loan Collection 39|T-S Loan Collection 39
tsloancollection40,990051125290205171|990052445630205171,Ms. T-S Loan Collection 40|T-S Loan Collection 40
tsloancollection41,990051125300205171|990052445650205171,Ms. T-S Loan Collection 41|T-S Loan Collection 41
tsloancollection42,990051125310205171|990052445670205171,Ms. T-S Loan Collection 42|T-S Loan Collection 42
tsloancollection46,990051125320205171|990052445750205171,Ms. T-S Loan Collection 46|T-S Loan Collection 46
tsloancollection47,990051125330205171|990052445770205171,Ms. T-S Loan Collection 47|T-S Loan Collection 47
tsloancollection48,990051125340205171|990052445790205171,Ms. T-S Loan Collection 48|T-S Loan Collection 48
tsloancollection49,990051125350205171|990052445810205171,Ms. T-S Loan Collection 49|T-S Loan Collection 49
tsloancollection5,990051125000205171|990052445200205171,Ms. T-S Loan Collection 5|T-S Loan Collection 5
tsloancollection50,990051125360205171|990052445830205171,Ms. T-S Loan Collection 50|T-S Loan Collection 50
tsloancollection51,990051125370205171|990052445850205171,Ms. T-S Loan Collection 51|T-S Loan Collection 51
tsloancollection52,990051125380205171|990052445870205171,Ms. T-S Loan Collection 52|T-S Loan Collection 52
tsloancollection53,990051125390205171|990052445890205171,Ms. T-S Loan Collection 53|T-S Loan Collection 53
tsloancollection54,990051125400205171|990052445900205171,Ms. T-S Loan Collection 54|T-S Loan Collection 54
tsloancollection55,990051125410205171|990052445920205171,Ms. T-S Loan Collection 55|T-S Loan Collection 55
tsloancollection56,990051125420205171|990052445940205171,Ms. T-S Loan Collection 56|T-S Loan Collection 56
tsloancollection57,990051125430205171|990052445960205171,Ms. T-S Loan Collection 57|T-S Loan Collection 57
tsloancollection59,990051125440205171|990052446000205171,Ms. T-S Loan Collection 59|T-S Loan Collection 59
tsloancollection6,990051125010205171|990052445210205171,Ms. T-S Loan Collection 6|T-S Loan Collection 6
tsloancollection60,990051125450205171|990052446020205171,Ms. T-S Loan Collection 60|T-S Loan Collection 60
tsloancollection61,990051125460205171|990052446040205171,Ms. T-S Loan Collection 61|T-S Loan Collection 61
tsloancollection63,990051125470205171|990052446080205171,Ms. T-S Loan Collection 63|T-S Loan Collection 63
tsloancollection64,990051125480205171|990052446100205171,Ms. T-S Loan Collection 64|T-S Loan Collection 64
tsloancollection65,990051125490205171|990052446120205171,Ms. T-S Loan Collection 65|T-S Loan Collection 65
tsloancollection66,990051125500205171|990052446140205171,Ms. T-S Loan Collection 66|T-S Loan Collection 66
tsloancollection67,990051125510205171|990052446160205171,Ms. T-S Loan Collection 67|T-S Loan Collection 67
tsloancollection68,990051125520205171|990052446180205171,Ms. T-S Loan Collection 68|T-S Loan Collection 68
tsloancollection69,990051125530205171|990052446200205171,Ms. T-S Loan Collection 69|T-S Loan Collection 69
tsloancollection7,990051125020205171|990052445220205171,Ms. T-S Loan Collection 7|T-S Loan Collection 7
tsloancollection70,990051125540205171|990052446220205171,Ms. T-S Loan Collection 70|T-S Loan Collection 70
tsloancollection71,990051125550205171|990052446240205171,Ms. T-S Loan Collection 71|T-S Loan Collection 71
tsloancollection72,990051125560205171|990052446260205171,Ms. T-S Loan Collection 72|T-S Loan Collection 72
tsloancollection73,990051125570205171|990052446280205171,Ms. T-S Loan Collection 73|T-S Loan Collection 73
tsloancollection74,990051125580205171|990052446300205171,Ms. T-S Loan Collection 74|T-S Loan Collection 74
tsloancollection75,990051125590205171|990052446320205171,Ms. T-S Loan Collection 75|T-S Loan Collection 75
tsloancollection76,990051125600205171|990052446340205171,Ms. T-S Loan Collection 76|T-S Loan Collection 76
tsloancollection77,990051125610205171|990052446360205171,Ms. T-S Loan Collection 77|T-S Loan Collection 77
tsloancollection78,990051125620205171|990052446380205171,Ms. T-S Loan Collection 78|T-S Loan Collection 78
tsloancollection79,990051125630205171|990052446400205171,Ms. T-S Loan Collection 79|T-S Loan Collection 79
tsloancollection80,990051125640205171|990052446420205171,Ms. T-S Loan Collection 80|T-S Loan Collection 80
tsloancollection81,990051125650205171|990052446440205171,Ms. T-S Loan Collection 81|T-S Loan Collection 81
tsloancollection82,990051125660205171|990052446460205171,Ms. T-S Loan Collection 82|T-S Loan Collection 82
tsloancollection84,990051125680205171|990052446490205171,Ms. T-S Loan Collection 84|T-S Loan Collection 84
tsloancollection85,990051125690205171|990052446510205171,Ms. T-S Loan Collection 85|T-S Loan Collection 85
tsloancollection86,990051125700205171|990051113180205171,Ms. T-S Loan Collection 86|T-S Loan Collection 86
tsloancollection87,990051125710205171|990052446540205171,Ms. T-S Loan Collection 87|T-S Loan Collection 87
tsloancollection88,990051125720205171|990052446560205171,Ms. T-S Loan Collection 88|T-S Loan Collection 88
tsloancollection9,990051125030205171|990052445240205171,Ms. T-S Loan Collection 9|T-S Loan Collection 9
tsloancollection90,990051125740205171|990052446600205171,Ms. T-S Loan Collection 90|T-S Loan Collection 90
tsloancollection92,990051125760205171|990051113190205171,Ms. T-S Loan Collection 92|T-S Loan Collection 92
tsloancollection93,990051125770205171|990052446650205171,Ms. T-S Loan Collection 93|T-S Loan Collection 93
tsloancollection94,990051125780205171|990051113200205171,Ms. T-S Loan Collection 94|T-S Loan Collection 94
tsloancollection95,990051125790205171|990051113210205171,Ms. T-S Loan Collection 95|T-S Loan Collection 95
tsloancollection96,990051125800205171|990051113220205171,Ms. T-S Loan Collection 96|T-S Loan Collection 96
tsloancollection97,990051125810205171|990052446700205171,Ms. T-S Loan Collection 97|T-S Loan Collection 97
tsloancollection98,990051125820205171|990052446720205171,Ms. T-S Loan Collection 98|T-S Loan Collection 98
tsloancollection99,990051125830205171|990052446740205171,Ms. T-S Loan Collection 99|T-S Loan Collection 99
tsmisc28.228,990051600010205171|990051377490205171,Ms. T-S Misc. 28.228|T-S Misc.28.228
tsmisc29.1,990051341080205171|990051377820205171,Ms. T-S Misc. 29.1|T-S Misc.29.1
tsmisc29.10,990051347460205171|990051378010205171,Ms. T-S Misc. 29.10|T-S Misc.29.10
tsmisc29.6,990051344460205171|990051377930205171,Ms. T-S Misc. 29.6|T-S Misc.29.6
tsns116.70,990051476530205171|990051477830205171,Ms. T-S NS 116.70|T-S NS 116.70
tsns175.2,990051727320205171|990051727270205171|990051727290205171|990051727300205171|990051092470205171,Ms. T-S NS 175.2|T-S NS 175.2
tsns176.10,990051727400205171|990051727420205171|990051727430205171|990051727350205171|990051727370205171|990051727380205171|990051727390205171|990051092780205171,Ms. T-S NS 176.10|T-S NS 176.10
tsns176.5,990051727330205171|990051092750205171,Ms. T-S NS 176.5|T-S NS 176.5
tsns178.4,990051727520205171|990051727540205171|990051727550205171|990051727560205171|990051093490205171,Ms. T-S NS 178.4|T-S NS 178.4
tsns178.8,990051727590205171|990051727580205171|990051093520205171,Ms. T-S NS 178.8|T-S NS 178.8
tsns180.6,990051727780205171|990051093970205171,Ms. T-S NS 180.6|T-S NS 180.6
tsns181.2,990051727880205171|990051094130205171,Ms. T-S NS 181.2|T-S NS 181.2
tsns194.114,990051075440205171|990051096170205171,Ms. T-S NS 194.114|T-S NS 194.114
tsns210.2,990051728090205171|990051586440205171,Ms. T-S NS 210.2|T-S NS 210.2
tsns210.4,990051728100205171|990051586460205171,Ms. T-S NS 210.4|T-S NS 210.4
tsns210.5,990051728110205171|990051586470205171,Ms. T-S NS 210.5|T-S NS 210.5
tsns211.7,990051732770205171|990051586760205171,Ms. T-S NS 211.7|T-S NS 211.7
tsns243.6,990051469240205171|990051612640205171,Ms. T-S NS 243.6|T-S NS 243.6
tsns246.11,990051341100205171|990051617000205171,Ms. T-S NS 246.11|T-S NS 246.11
tsns246.26.6,990051732640205171|990051617220205171,Ms. T-S NS 246.26.6|T-S NS 246.26.6
tsns247.24,990051732660205171|990051617690205171,Ms. T-S NS 247.24|T-S NS 247.24
tsns252.15,990051728710205171|990051619310205171,Ms. T-S NS 252.15|T-S NS 252.15
tsns252.5,990051728680205171|990051619230205171,Ms. T-S NS 252.5|T-S NS 252.5
tsns252.9,990051728690205171|990051619260205171,Ms. T-S NS 252.9|T-S NS 252.9
tsns259.2,990051730200205171|990051730210205171|990051624550205171,Ms. T-S NS 259.2|T-S NS 259.2
tsns259.3,990051730240205171|990051624560205171,Ms. T-S NS 259.3|T-S NS 259.3
tsns288.30,990051730730205171|990051103130205171,Ms. T-S NS 288.30|T-S NS 288.30
tsns291.107,990051731030205171|990051104710205171,Ms. T-S NS 291.107|T-S NS 291.107
tsns291.11,990051730840205171|990051104400205171,Ms. T-S NS 291.11|T-S NS 291.11
tsns291.20,990051730850205171|990051677320205171,Ms. T-S NS 291.20|T-S NS 291.20
tsns291.22,990051730860205171|990051104430205171,Ms. T-S NS 291.22|T-S NS 291.22
tsns291.23,990051730870205171|990051677330205171,Ms. T-S NS 291.23|T-S NS 291.23
tsns291.25,990051730880205171|990051677350205171,Ms. T-S NS 291.25|T-S NS 291.25
tsns291.29,990051730890205171|990051677390205171,Ms. T-S NS 291.29|T-S NS 291.29
tsns291.30,990051730910205171|990051730900205171|990051104440205171,Ms. T-S NS 291.30|T-S NS 291.30
tsns291.40,990051730950205171|990051677460205171,Ms. T-S NS 291.40|T-S NS 291.40
tsns291.43,990051730970205171|990051677490205171,Ms. T-S NS 291.43|T-S NS 291.43
tsns291.63,990051730990205171|990051677650205171,Ms. T-S NS 291.63|T-S NS 291.63
tsns291.70,990051731000205171|990051104540205171,Ms. T-S NS 291.70|T-S NS 291.70
tsns291.9,990051730820205171|990051104380205171,Ms. T-S NS 291.9|T-S NS 291.9
tsns291.95,990051731010205171|990051104640205171,Ms. T-S NS 291.95|T-S NS 291.95
tsns291.98,990051731020205171|990051104660205171,Ms. T-S NS 291.98|T-S NS 291.98
tsns308.89,990051106440205171|990051731050205171,Ms. T-S NS 308.89|T-S NS 308.89
tsns309.23,990051731060205171|990051106690205171,Ms. T-S NS 309.23|T-S NS 309.23
tsns309.27,990051731080205171|990051106700205171,Ms. T-S NS 309.27|T-S NS 309.27
tsns309.28,990051731090205171|990051106710205171,Ms. T-S NS 309.28|T-S NS 309.28
tsns309.29,990051731100205171|990051106720205171,Ms. T-S NS 309.29|T-S NS 309.29
tsns309.31,990051731110205171|990051731120205171|990051731130205171|990051106740205171,Ms. T-S NS 309.31|T-S NS 309.31
tsns309.39,990051731140205171|990051106770205171,Ms. T-S NS 309.39|T-S NS 309.39
tsns309.41,990051731150205171|990051702680205171,Ms. T-S NS 309.41|T-S NS 309.41
tsns309.44,990051731160205171|990051702710205171,Ms. T-S NS 309.44|T-S NS 309.44
tsns309.45,990051731170205171|990051702720205171,Ms. T-S NS 309.45|T-S NS 309.45
tsns309.88,990051731190205171|990051703000205171,Ms. T-S NS 309.88|T-S NS 309.88
tsns309.92,990051731200205171|990051703030205171,Ms. T-S NS 309.92|T-S NS 309.92
tsns309.93,990051731210205171|990051703040205171,Ms. T-S NS 309.93|T-S NS 309.93
tsns309.94,990051731220205171|990051703050205171,Ms. T-S NS 309.94|T-S NS 309.94
tsns309.99,990051731180205171|990051703070205171,Ms. T-S NS 309.99|T-S NS 309.99
tsns310.2,990051731250205171|990051703150205171,Ms. T-S NS 310.2|T-S NS 310.2
tsns310.29,990051731270205171|990051731280205171|990051107190205171,Ms. T-S NS 310.29|T-S NS 310.29
tsns310.3,990051731260205171|990051107040205171,Ms. T-S NS 310.3|T-S NS 310.3
tsns310.32,990001421140205171|990051107210205171,Ms. T-S NS 310.32|T-S NS 310.32
tsns310.42,990051731290205171|990051703320205171,Ms. T-S NS 310.42|T-S NS 310.42
tsns310.45,990051731300205171|990051107360205171,Ms. T-S NS 310.45|T-S NS 310.45
tsns310.50,990051731310205171|990051107400205171,Ms. T-S NS 310.50|T-S NS 310.50
tsns310.67,990051731320205171|990051107510205171,Ms. T-S NS 310.67|T-S NS 310.67
tsns310.79,990051731330205171|990051107580205171,Ms. T-S NS 310.79|T-S NS 310.79
tsns310.92,990051731340205171|990051703520205171,Ms. T-S NS 310.92|T-S NS 310.92
tsns310.97,990051731360205171|990051107680205171,Ms. T-S NS 310.97|T-S NS 310.97
tsns311.101,990051731510205171|990051108100205171,Ms. T-S NS 311.101|T-S NS 311.101
tsns311.112,990051731520205171|990051704310205171,Ms. T-S NS 311.112|T-S NS 311.112
tsns311.125,990051731530205171|990051108190205171,Ms. T-S NS 311.125|T-S NS 311.125
tsns311.126,990051731540205171|990051108200205171,Ms. T-S NS 311.126|T-S NS 311.126
tsns311.127,990051731550205171|990051704390205171,Ms. T-S NS 311.127|T-S NS 311.127
tsns311.34,990051731370205171|990051107790205171,Ms. T-S NS 311.34|T-S NS 311.34
tsns311.40,990051731380205171|990051107840205171,Ms. T-S NS 311.40|T-S NS 311.40
tsns311.42,990051731400205171|990051703910205171,Ms. T-S NS 311.42|T-S NS 311.42
tsns311.45,990051731410205171|990051703940205171,Ms. T-S NS 311.45|T-S NS 311.45
tsns311.47,990051731420205171|990051107860205171,Ms. T-S NS 311.47|T-S NS 311.47
tsns311.59,990051731430205171|990051107940205171,Ms. T-S NS 311.59|T-S NS 311.59
tsns311.60,990051731440205171|990051107950205171,Ms. T-S NS 311.60|T-S NS 311.60
tsns311.63,990051731450205171|990051107960205171,Ms. T-S NS 311.63|T-S NS 311.63
tsns311.67,990051731460205171|990051107970205171,Ms. T-S NS 311.67|T-S NS 311.67
tsns311.71,990051731480205171|990051704060205171,Ms. T-S NS 311.71|T-S NS 311.71
tsns311.90,990051731490205171|990051108030205171,Ms. T-S NS 311.90|T-S NS 311.90
tsns311.97,990051731500205171|990051108070205171,Ms. T-S NS 311.97|T-S NS 311.97
tsns312.106,990051731650205171|990051705320205171,Ms. T-S NS 312.106|T-S NS 312.106
tsns312.122,990051705440205171|990051731660205171,Ms. T-S NS 312.122|T-S NS 312.122
tsns312.134,990051731670205171|990051108970205171,Ms. T-S NS 312.134|T-S NS 312.134
tsns312.20,990051731560205171|990051108330205171,Ms. T-S NS 312.20|T-S NS 312.20
tsns312.31,990051731580205171|990051704780205171,Ms. T-S NS 312.31|T-S NS 312.31
tsns312.32,990051731570205171|990051704790205171,Ms. T-S NS 312.32|T-S NS 312.32
tsns312.44,990051731590205171|990051704880205171,Ms. T-S NS 312.44|T-S NS 312.44
tsns312.48,990051731600205171|990051704920205171,Ms. T-S NS 312.48|T-S NS 312.48
tsns312.49,990051731610205171|990051731620205171|990051704930205171,Ms. T-S NS 312.49|T-S NS 312.49
tsns312.91,990051731640205171|990051705190205171,Ms. T-S NS 312.91|T-S NS 312.91
tsns317.15,990051732350205171|990051109320205171,Ms. T-S NS 317.15|T-S NS 317.15
tsns317.2,990051732240205171|990051710340205171,Ms. T-S NS 317.2|T-S NS 317.2
tsns329.753,990001420890205171|990051104680205171,Ms. T-S NS 329/0753|T-S NS 329.753|Ms. T-S NS 329.753
tsns329.758,990051106440205171|990051731050205171,Ms. T-S NS 329.758|T-S NS 329.758
tsns329.766,990001420940205171|990051106730205171,Ms. T-S NS 329/0766|T-S NS 329.766|Ms. T-S NS 329.766
tsns329.878,990051731650205171|990051705320205171,Ms. T-S NS 329.878
tsns329.879,990051705440205171|990051731660205171,Ms. T-S NS 329.879
tsns329.880,990051731670205171|990051108970205171,Ms. T-S NS 329.880|T-S NS 329.880
tsns329.881,990051705690205171|990051731680205171,Ms. T-S NS 329.881|T-S NS 329.881
tsns84.5,990051725910205171|990051447090205171,Ms. T-S NS 84.5|T-S NS 84.5
tsns84.88,990051725930205171|990051447350205171,Ms. T-S NS 84.88|T-S NS 84.88
westminstercollegelibrarymisc121,990053937210205171|990053937310205171,Westminster College Library Ms. Misc. 121|Westminster College Library Ms. Misc. 12 1
westminstercollegelibrarytalmii71,990053930170205171|990001843600205171,Westminster College Library Ms. Talm. II 7 1|Westminster College Library Ms. Talm. II 71
westminstercollegelibrarytalmii72,990053930190205171|990001843610205171,Westminster College Library Ms. Talm. II 7 2|Westminster College Library Ms. Talm. II 72
