siglum	library_he	shelfmark	details
א	אוקספורד	Heb. c. 20.16	סדר רב עמרם גאון (בבלי). לבית האבל. מכיל את כל ברכת המזון.
ב	אוקספורד	Heb. d. 25.13	בבלי ("מקדש השבת"). ברכה שלמה ללא זימון.
ג	אוקספורד	Heb. d. 31.11	לבית האבל. ברכה שלמה כולל זימון. פינקלשטיין, ברכת המזון, גניזה א.
ד	אוקספורד	Heb. d. 41.5-6	בבלי (עמידה כמנהג בבל). חלק מסידור. בגיליון ברכת המזון לשבת במלואה. ניקוד בבלי וטברני. וידר, נוסח הע
	ניו יורק, JTS	ENA 2017.8-9	
	קימברידג', ספריית האוניברסיטה	T-S 10H1.5	
ה	אוקספורד	Heb. d. 55.15-16	בבלי ("אלהי נצור", "מקדש השבת"). חלק מסידור. תוספת שבת לברכת המזון.
	ניו יורק, JTS	ENA 2017.13	
ו	אוקספורד	Heb. e. 34.62	מפויט, לשמיני עצרת. "אמן בימינו".
ז1	אוקספורד	Heb. e. 35.8-9	מפויט, לחנוכה ולפורים. "אמן בימינו".
ז2	אוקספורד	Heb. e. 35.21	מפויט, לבית חתנים, זימון "שהשמחה במעונו".
ח	אוקספורד	Heb. e. 55.18-19	סידור רס"ג, הוראות לברכת המזון לסעודה ולחתונה. מכיל חלק מן הזימון והתוספות לברכת המזון.
ט	אוקספורד	Heb. e. 71.21	מפויט, ברכת מזון לחתן. חלק מסידור. מכיל תחילת ברכה ד.
י	אוקספורד	Heb. e. 93.58	חלק מסידור, ברכה ד ובקשות הרחמן. הוראות בערבית. דף אחד, פגום.
יא	אוקספורד	Heb. e. 96.1-2	סידור רס"ג. ברכות א-ג.
יב1	אוקספורד	Heb. f. 36.74	ארץ ישראלי ("אלהי דויד הוא בונה את ירושלים", "תתברכו"). ברכה ב עד הסוף. "אמן בימינו".
	קימברידג', ספריית האוניברסיטה	T-S NS 271.14	
יב2	אוקספורד	Heb. f. 36.74-76	ארץ ישראלי ("אלהי דויד הוא הבונה ברחמיו את ירושלים", "תתברכו"). ברכת הזן מפויטת לשבת. "אמן בימינו".
יג	אוקספורד	Heb. f. 47.6-9	חלק מסידור. מכיל את הזימון, ברכות א-ג, בקשות הרחמן.
יד	אוקספורד	Heb. f. 100.50	ברכון. מכיל את בקשות הרחמן.
טו	אוקספורד	Heb. f. 106.40-41	ברכון. לחול ולשבת, מכיל ברכות א-ד.
טז	אוקספורד	Heb. f. 107.41	ארץ ישראלי ("נברך על המזון"). חלק מסידור. מכיל זימון ואת פתיחת ברכה א.
יז	אוקספורד	Heb. g. 2.43	סדרי ברכות. זימון ותחילת ברכת המזון לבית האבל.
יח	בודפשט	Gen 33.11	
יט	בודפשט	Gen 429	
כ	בודפשט	M89	
כא	בודפשט	M91 (שייבר, ידיעות המכון עמ' 150-151)	
כב	וינה, ריינר	H 2	
כג	וינה, ריינר	H 119	
כד	ירושלים, הספרייה הלאומית	577.4.50	
כה	ירושלים, הספרייה הלאומית	577.4.93	
כו	ירושלים, הספרייה הלאומית	577.4.95	
כז	לונדון, הספרייה הבריטית	OR. 5557C.1-7	
כח	לונדון, הספרייה הבריטית	OR. 5557F.40	
כט	לונדון, הספרייה הבריטית	OR. 5557O.30	
ל	לונדון, הספרייה הבריטית	OR. 5557Q.18-19	
לא	לונדון, הספרייה הבריטית	OR. 5557Q.40-41	
לב	לונדון, הספרייה הבריטית	OR. 5557T.22-23	
לג	לונדון, הספרייה הבריטית	OR. 5557U.47	
לד	לונדון, הספרייה הבריטית	OR. 9772D	
לה	לונדון, הספרייה הבריטית	OR. 10578R.106 (Gaster 1358.106)	
לו	לונדון, הספרייה הבריטית	OR. 10656.10 (Gaster 1759.10)	
לז	לונדון, הספרייה הבריטית	OR. 10656.22 (Gaster 1759.22)	
לח	לונדון, הספרייה הבריטית	OR. 12186.28	
לט	לטשוורת	ששון 219	
מ	בודפשט	Ms. 920.22	
מא	מנצ'סטר	A 138	
מב	מנצ'סטר	B 2089	
מג	מנצ'סטר	B 2091	
מד	מנצ'סטר	B 2998	
מה	מנצ'סטר	B 3307	
מו	מנצ'סטר	B 3830	
מז	מנצ'סטר	B 4255	
מח	מנצ'סטר	B 4800	
	מנצ'סטר	B 5207	
מט	מנצ'סטר	B 4910	
נ	מנצ'סטר	B 5041	
נא	מנצ'סטר	B 5394	
נב	ניו יורק, JTS	ENA 567.5	
נג	ניו יורק, JTS	ENA 684.5	
נד	ניו יורק, JTS	ENA 695.10-11	
נה	ניו יורק, JTS	ENA 907.4	
נו	ניו יורק, JTS	ENA 964.11-12	
נז	ניו יורק, JTS	ENA 964.13	
נח	ניו יורק, JTS	ENA 964.14	
נט	ניו יורק, JTS	ENA 964.15-16	
	קימברידג', ספריית האוניברסיטה	T-S NS 230.29	
ס	ניו יורק, JTS	ENA 964.17-18	
סא	ניו יורק, JTS	ENA 1055.12-13	
סב	ניו יורק, JTS	ENA 1157.28	
סג	ניו יורק, JTS	ENA 1219	
סד	ניו יורק, JTS	ENA 1640.2	
סה	ניו יורק, JTS	ENA 1750.1-8	
סו	ניו יורק, JTS	ENA 2017.3	
סז	ניו יורק, JTS	ENA 2018.8	
סח	ניו יורק, JTS	ENA 2138.1-2	
סט	ניו יורק, JTS	ENA 2138.3-4	
ע	ניו יורק, JTS	ENA 2138.5-6	
עא	ניו יורק, JTS	ENA 2138.8	
עב	ניו יורק, JTS	ENA 2138.9	
עג	ניו יורק, JTS	ENA 2139.7	
עד	ניו יורק, JTS	ENA 2150.11-12	
עה	ניו יורק, JTS	ENA 2150.47	
עו	ניו יורק, JTS	ENA 2183.2-3	
עז	ניו יורק, JTS	ENA 2480.1-2	
	ניו יורק, JTS	ENA 2840.52-53	
עח	ניו יורק, JTS	ENA 2480.3	
עט	ניו יורק, JTS	ENA 2712.44	
פ	ניו יורק, JTS	ENA 2763.18-19	
פא	ניו יורק, JTS	ENA 2835.1-4	
פב	ניו יורק, JTS	ENA 2841.49	
פג	ניו יורק, JTS	ENA 2842.28-30	
פד	ניו יורק, JTS	ENA 2853.31	
פה	ניו יורק, JTS	ENA 2854.11	
פו	ניו יורק, JTS	ENA 2856.2-4	
פז	ניו יורק, JTS	ENA 2859.11	
פח	ניו יורק, JTS	ENA 2880.1	
פט	ניו יורק, JTS	ENA 2919.30-31	
צ	ניו יורק, JTS	ENA 2998.2-5	
צא	ניו יורק, JTS	ENA 3083.1-8	
צב	ניו יורק, JTS	ENA 3142.2	
צג	ניו יורק, JTS	ENA 3224.1	
צד	ניו יורק, JTS	ENA 3224.8	
צה	ניו יורק, JTS	ENA 3256.15-16	
צו	ניו יורק, JTS	ENA 3283.2-3	
צז	ניו יורק, JTS	ENA 3500.9	
	קימברידג', ספריית האוניברסיטה, אוסף מוצרי	II,250	
צח	ניו יורק, JTS	ENA 3714.1	
צט	ניו יורק, JTS	ENA 3827.5	
ק	ניו יורק, JTS	ENA 3846.5	
קא	ניו יורק, JTS	MS 4748.34-38 (ENA 4036.34-38)	
קב	ניו יורק, JTS	ENA NS 22.24	
קג	ניו יורק, JTS	ENA NS 24.32	
קד	ניו יורק, JTS	ENA NS 52.12	
קה	ניו יורק, JTS	ENA NS 78.75	
קו	ניו יורק, JTS	Krengel 37	
קז	סט. פטרבורג	Evr. III B 30	
קח	סט. פטרבורג	Evr. III B 122	
קט	סט. פטרבורג	Evr. III B 232	
קי	סט. פטרבורג	Evr. III B 977	
קיא	סט. פטרבורג	Evr. III B 1052	
קיב	סט. פטרבורג	Evr. III B 1059	
קיג1	סינסינטי, היברו יוניון קולג'	Ms. 1197	
	סינסינטי, היברו יוניון קולג'	Ms. 1231	
קיג2	סינסינטי, היברו יוניון קולג'	Ms. 1197	
	סינסינטי, היברו יוניון קולג'	Ms. 1231	
קיד	סינסינטי, היברו יוניון קולג'	Ms. 1200	
קטו	סינסינטי, היברו יוניון קולג'	Ms. 1259	
	קימברידג', ספריית האוניברסיטה, אוסף לואיס גיבסון	Lit. II.85	
קטז	פילדלפיה	Ms. Genizah 151	
קיז	פילדלפיה	Ms. Genizah 192	
קיח	פילדלפיה	Ms. Genizah 193	
קיט	פילדלפיה	Ms. Genizah 211	
קכ	פילדלפיה	Ms. Genizah E 16518	
קכא	פריז, כי"ח	IV.A 91	
קכב	פריז, כי"ח	IV.A 160	
קכג	פריז, כי"ח	IV.A 162	
קכד	פריז, כי"ח	IV.A 176	
קכה	פריז, כי"ח	IV.A 188	
קכו	פריז, כי"ח	IV.A 227	
קכז	פריז, כי"ח	IV.C 322	
קכח	פרנקפורט, הקהילה היהודית	136	
קכט	קימברידג', ספריית האוניברסיטה	T-S F 14.37	
קל	קימברידג', ספריית האוניברסיטה	T-S H 2.106	
קלא	קימברידג', ספריית האוניברסיטה	T-S H 2.121	
קלב	קימברידג', ספריית האוניברסיטה	T-S H 2.129	
קלג	קימברידג', ספריית האוניברסיטה	T-S H 2.136	
קלד	קימברידג', ספריית האוניברסיטה	T-S H 2.142	
קלה	קימברידג', ספריית האוניברסיטה	T-S H 3.107	
קלו	קימברידג', ספריית האוניברסיטה	T-S H 4.22	
קלז1	קימברידג', ספריית האוניברסיטה	T-S H 5.2	
קלז2	קימברידג', ספריית האוניברסיטה	T-S H 5.2	
קלח	קימברידג', ספריית האוניברסיטה	T-S H 10.271	
	קימברידג', ספריית האוניברסיטה, אוסף לואיס גיבסון	Lit. III.51-55	
קלט	קימברידג', ספריית האוניברסיטה	T-S H 11.21	
	קימברידג', ספריית האוניברסיטה, אוסף לואיס גיבסון	Lit. I.25	
קמ	קימברידג', ספריית האוניברסיטה	T-S H 11.54	
קמא	קימברידג', ספריית האוניברסיטה	T-S H 11.74	
	קימברידג', ספריית האוניברסיטה	T-S AS 101.193	
קמב	קימברידג', ספריית האוניברסיטה	T-S H 11.75	
קמג	קימברידג', ספריית האוניברסיטה	T-S H 11.73	
קמד	קימברידג', ספריית האוניברסיטה	T-S H 11.77	
קמה	קימברידג', ספריית האוניברסיטה	T-S H 11.83	
קמו1	קימברידג', ספריית האוניברסיטה	T-S H 11.88	
קמו2	קימברידג', ספריית האוניברסיטה	T-S H 11.88	
קמז	קימברידג', ספריית האוניברסיטה	T-S H 11.93	
קמח	קימברידג', ספריית האוניברסיטה	T-S H 12.28	
קמט	קימברידג', ספריית האוניברסיטה	T-S H 15.15	
קנ	קימברידג', ספריית האוניברסיטה	T-S H 18.8	
קנא	קימברידג', ספריית האוניברסיטה	T-S H 18.22	
קנב	קימברידג', ספריית האוניברסיטה	T-S H 18.34	
קנג	קימברידג', ספריית האוניברסיטה	T-S K 5.26	
קנד	קימברידג', ספריית האוניברסיטה	T-S K 6.15	
קנה	קימברידג', ספריית האוניברסיטה	T-S K 6.40	
קנו	קימברידג', ספריית האוניברסיטה	T-S K 6.40a	
קנז	קימברידג', ספריית האוניברסיטה	T-S K 8.7	
קנח	קימברידג', ספריית האוניברסיטה	T-S K 27.3a	
	ניו יורק, JTS	ENA 2943.9	
קנט	קימברידג', ספריית האוניברסיטה	T-S K 27.33b	
קס	קימברידג', ספריית האוניברסיטה	T-S 6H 5.11	
קסא	קימברידג', ספריית האוניברסיטה	T-S 6H 6.11	
קסב	קימברידג', ספריית האוניברסיטה	T-S 8H 10.11	
	קימברידג', ספריית האוניברסיטה	T-S K 27.17	
קסג	קימברידג', ספריית האוניברסיטה	T-S 8H 11.3	
קסד1	קימברידג', ספריית האוניברסיטה	T-S 8H 11.4	
	לונדון, הספרייה הבריטית	OR. 7943.3	
	סט. פטרבורג	Evr. III B 104	
קסד2	קימברידג', ספריית האוניברסיטה	T-S 8H 11.4	
	לונדון, הספרייה הבריטית	Or. 7943.3	
	סט. פטרבורג	Evr. III B 104	
קסה1	קימברידג', ספריית האוניברסיטה	T-S 8H 16.20	
קסה2	קימברידג', ספריית האוניברסיטה	T-S 8H 16.20	
קסו	קימברידג', ספריית האוניברסיטה	T-S 8H 22.4	
קסז	קימברידג', ספריית האוניברסיטה	T-S 10H 3.7	
קסח	קימברידג', ספריית האוניברסיטה	T-S 10H 3.8	
קסט	קימברידג', ספריית האוניברסיטה	T-S 10H 8.8	
קע	קימברידג', ספריית האוניברסיטה	T-S 10H 10.1	
קעא	קימברידג', ספריית האוניברסיטה	T-S Ar. 36.1	
קעב	קימברידג', ספריית האוניברסיטה	T-S Ar. 36.18	
קעג	קימברידג', ספריית האוניברסיטה	T-S Ar. 36.36	
קעד	קימברידג', ספריית האוניברסיטה	T-S Ar. 36.45	
קעה	קימברידג', ספריית האוניברסיטה	T-S Ar. 37.175	
קעו	קימברידג', ספריית האוניברסיטה	T-S Ar. 37.262	
קעח	קימברידג', ספריית האוניברסיטה	T-S Ar. 49.156	
קעט	קימברידג', ספריית האוניברסיטה	T-S Ar. 50.184a	
קפ	קימברידג', ספריית האוניברסיטה	T-S Misc 8.19	
קפא	קימברידג', ספריית האוניברסיטה	T-S Misc 10.24	
קפב	קימברידג', ספריית האוניברסיטה	T-S Misc 10.118	
קפג	קימברידג', ספריית האוניברסיטה	T-S Misc 10.140	
קפד	קימברידג', ספריית האוניברסיטה	T-S Misc 10.234	
קפה	קימברידג', ספריית האוניברסיטה	T-S Misc 20.97	
	קימברידג', ספריית האוניברסיטה	T-S Misc 20.102	
קפו	קימברידג', ספריית האוניברסיטה	T-S Misc 24.135	
קפז	קימברידג', ספריית האוניברסיטה	T-S Misc 26.14	
קפח	קימברידג', ספריית האוניברסיטה	T-S NS 32.2	
קפט	קימברידג', ספריית האוניברסיטה	T-S NS 35.4	
קצ	קימברידג', ספריית האוניברסיטה	T-S NS 103.45	
	קימברידג', ספריית האוניברסיטה	T-S NS 154.95	
קצא	קימברידג', ספריית האוניברסיטה	T-S NS 103.57	
קצב	קימברידג', ספריית האוניברסיטה	T-S NS 103.100	
קצג	קימברידג', ספריית האוניברסיטה	T-S NS 104.27	
קצד	קימברידג', ספריית האוניברסיטה	T-S NS 109.23	
	קימברידג', ספריית האוניברסיטה	T-S NS 325.206	
	קימברידג', ספריית האוניברסיטה	T-S K27.4a	
קצה	קימברידג', ספריית האוניברסיטה	T-S NS 110.28e	
קצו	קימברידג', ספריית האוניברסיטה	T-S NS 111.10	
	קימברידג', ספריית האוניברסיטה	T-S NS 139.18	
קצז	קימברידג', ספריית האוניברסיטה	T-S NS 111.138	
	קימברידג', ספריית האוניברסיטה	T-S NS 271.104-105	
קצח	קימברידג', ספריית האוניברסיטה	T-S NS 112.175	
קצט1	קימברידג', ספריית האוניברסיטה	T-S NS 119.63	
קצט2	קימברידג', ספריית האוניברסיטה	T-S NS 119.63	
ר	קימברידג', ספריית האוניברסיטה	T-S NS 120.29	
רא	קימברידג', ספריית האוניברסיטה	T-S NS 120.98	
רב	קימברידג', ספריית האוניברסיטה	T-S NS 120.109	
רג	קימברידג', ספריית האוניברסיטה	T-S NS 120.112	
רד	קימברידג', ספריית האוניברסיטה	T-S NS 120.128	
רה	קימברידג', ספריית האוניברסיטה	T-S NS 121.46	
רו	קימברידג', ספריית האוניברסיטה	T-S NS 121.58	
רז	קימברידג', ספריית האוניברסיטה	T-S NS 122.8	
רח	קימברידג', ספריית האוניברסיטה	T-S NS 122.17	
רט	קימברידג', ספריית האוניברסיטה	T-S NS 122.20	
רי	קימברידג', ספריית האוניברסיטה	T-S NS 125.28	
ריא	קימברידג', ספריית האוניברסיטה	T-S NS 122.39	
ריב	קימברידג', ספריית האוניברסיטה	T-S NS 122.71	
ריג	קימברידג', ספריית האוניברסיטה	T-S NS 122.83	
ריד	קימברידג', ספריית האוניברסיטה	T-S NS 122.100	
רטו	קימברידג', ספריית האוניברסיטה	T-S NS 122.27	
רטז	קימברידג', ספריית האוניברסיטה	T-S NS 123.33	
ריז	קימברידג', ספריית האוניברסיטה	T-S NS 122.126	
ריח	קימברידג', ספריית האוניברסיטה	T-S NS 125.128	
ריט	קימברידג', ספריית האוניברסיטה	T-S NS 129.56	
רכ	קימברידג', ספריית האוניברסיטה	T-S NS 134.2a	
	קימברידג', ספריית האוניברסיטה	T-S NS 271.231	
רכא	קימברידג', ספריית האוניברסיטה	T-S NS 137.139-140	
רכב	קימברידג', ספריית האוניברסיטה	T-S NS 139.18	
רכג	קימברידג', ספריית האוניברסיטה	T-S NS 144.35	
רכד	קימברידג', ספריית האוניברסיטה	T-S NS 144.36	
רכה	קימברידג', ספריית האוניברסיטה	T-S NS 145.46	
רכו	קימברידג', ספריית האוניברסיטה	T-S NS 147.40-41	
	קימברידג', ספריית האוניברסיטה	T-S AS 108.134	
	קימברידג', ספריית האוניברסיטה	T-S AS 108.136	
רכז	קימברידג', ספריית האוניברסיטה	T-S NS 147.86	
רכח	קימברידג', ספריית האוניברסיטה	T-S NS 148.99	
רכט	קימברידג', ספריית האוניברסיטה	T-S NS 148.100	
רל	קימברידג', ספריית האוניברסיטה	T-S NS 149.19	
רלא1	קימברידג', ספריית האוניברסיטה	T-S NS 150.8	
רלא2	קימברידג', ספריית האוניברסיטה	T-S NS 150.8	
רלב	קימברידג', ספריית האוניברסיטה	T-S NS 150.28	
רלג	קימברידג', ספריית האוניברסיטה	T-S NS 150.56	
רלד	קימברידג', ספריית האוניברסיטה	T-S NS 150.108	
רלה	קימברידג', ספריית האוניברסיטה	T-S NS 150.223	
רלו	קימברידג', ספריית האוניברסיטה	T-S NS 150.234	
רלז	קימברידג', ספריית האוניברסיטה	T-S NS 151.18	
	קימברידג', ספריית האוניברסיטה	T-S NS 271.86	
רלח	קימברידג', ספריית האוניברסיטה	T-S NS 151.126	
רלט	קימברידג', ספריית האוניברסיטה	T-S NS 152.5	
רמ	קימברידג', ספריית האוניברסיטה	T-S NS 152.33	
	ניו יורק, JTS	ENA 2948.29	
רמא	קימברידג', ספריית האוניברסיטה	T-S NS 152.35	
רמב	קימברידג', ספריית האוניברסיטה	T-S NS 152.77	
רמג	קימברידג', ספריית האוניברסיטה	T-S NS 152.85	
רמד	קימברידג', ספריית האוניברסיטה	T-S NS 152.127	
רמה	קימברידג', ספריית האוניברסיטה	T-S NS 153.7	
רמו	קימברידג', ספריית האוניברסיטה	T-S NS 153.21	
רמז	קימברידג', ספריית האוניברסיטה	T-S NS 153.69	
	קימברידג', ספריית האוניברסיטה	T-S NS 273.31	
רמח	קימברידג', ספריית האוניברסיטה	T-S NS 153.71	
רמט	קימברידג', ספריית האוניברסיטה	T-S NS 153.120	
רנ	קימברידג', ספריית האוניברסיטה	T-S NS 153.129	
רנא	קימברידג', ספריית האוניברסיטה	T-S NS 153.139	
רנב	קימברידג', ספריית האוניברסיטה	T-S NS 154.45	
רנג	קימברידג', ספריית האוניברסיטה	T-S NS 154.110	
רנד	קימברידג', ספריית האוניברסיטה	T-S NS 154.117	
רנה	קימברידג', ספריית האוניברסיטה	T-S NS 154.158	
רנו	קימברידג', ספריית האוניברסיטה	T-S NS 155.8	
רנז	קימברידג', ספריית האוניברסיטה	T-S NS 155.67	
רנח	קימברידג', ספריית האוניברסיטה	T-S NS 155.76	
רנט	קימברידג', ספריית האוניברסיטה	T-S NS 155.79	
רס	קימברידג', ספריית האוניברסיטה	T-S NS 155.108	
רסא	קימברידג', ספריית האוניברסיטה	T-S NS 155.120	
רסב	קימברידג', ספריית האוניברסיטה	T-S NS 155.132	
רסג	קימברידג', ספריית האוניברסיטה	T-S NS 155.176	
רסד	קימברידג', ספריית האוניברסיטה	T-S NS 156.10	
רסה	קימברידג', ספריית האוניברסיטה	T-S NS 156.11	
רסו	קימברידג', ספריית האוניברסיטה	T-S NS 156.86	
רסז	קימברידג', ספריית האוניברסיטה	T-S NS 156.97	
רסח	קימברידג', ספריית האוניברסיטה	T-S NS 156.160	
	קימברידג', ספריית האוניברסיטה	T-S NS 172.110	
רסט	קימברידג', ספריית האוניברסיטה	T-S NS 157.9	
רע	קימברידג', ספריית האוניברסיטה	T-S NS 157.11	
רעא	קימברידג', ספריית האוניברסיטה	T-S NS 157.17	
רעב	קימברידג', ספריית האוניברסיטה	T-S NS 157.21	
רעג	קימברידג', ספריית האוניברסיטה	T-S NS 157.78	
רעד	קימברידג', ספריית האוניברסיטה	T-S NS 157.124	
רעה	קימברידג', ספריית האוניברסיטה	T-S NS 157.157	
רעו	קימברידג', ספריית האוניברסיטה	T-S NS 158.1	
רעז	קימברידג', ספריית האוניברסיטה	T-S NS 158.27	
רעח	קימברידג', ספריית האוניברסיטה	T-S NS 158.71	
רעט	קימברידג', ספריית האוניברסיטה	T-S NS 159.10	
רפ	קימברידג', ספריית האוניברסיטה	T-S NS 159.16	
רפא	קימברידג', ספריית האוניברסיטה	T-S NS 159.27	
	קימברידג', ספריית האוניברסיטה	T-S NS 271.72	
רפב	קימברידג', ספריית האוניברסיטה	T-S NS 159.120	
רפג	קימברידג', ספריית האוניברסיטה	T-S NS 159.170	
רפד	קימברידג', ספריית האוניברסיטה	T-S NS 159.176	
רפה	קימברידג', ספריית האוניברסיטה	T-S NS 160.34	
רפו	קימברידג', ספריית האוניברסיטה	T-S NS 160.35(c)	
רפז	קימברידג', ספריית האוניברסיטה	T-S NS 160.49	
רפח	קימברידג', ספריית האוניברסיטה	T-S NS 163.13	
	קימברידג', ספריית האוניברסיטה	T-S AS 104.45	
רפט	קימברידג', ספריית האוניברסיטה	T-S NS 172.32	
רצ	קימברידג', ספריית האוניברסיטה	T-S NS 195.4	
	קימברידג', ספריית האוניברסיטה	T-S NS 195.17	
	קימברידג', ספריית האוניברסיטה	T-S NS 195.35	
	קימברידג', ספריית האוניברסיטה	T-S NS 195.99-103	
רצא	קימברידג', ספריית האוניברסיטה	T-S NS 195.12	
רצב	קימברידג', ספריית האוניברסיטה	T-S NS 195.50	
רצג	קימברידג', ספריית האוניברסיטה	T-S NS 195.70	
רצד	קימברידג', ספריית האוניברסיטה	T-S NS 196.11	
	קימברידג', ספריית האוניברסיטה	T-S NS 196.61	
	קימברידג', ספריית האוניברסיטה	T-S NS 196.95	
רצה	קימברידג', ספריית האוניברסיטה	T-S NS 196.21	
רצו	קימברידג', ספריית האוניברסיטה	T-S NS 196.32	
רצז	קימברידג', ספריית האוניברסיטה	T-S NS 196.53	
רצח	קימברידג', ספריית האוניברסיטה	T-S NS 197.14	
	קימברידג', ספריית האוניברסיטה	T-S NS 197.18	
רצט	קימברידג', ספריית האוניברסיטה	T-S NS 197.25	
ש	קימברידג', ספריית האוניברסיטה	T-S NS 199.127	
שא	קימברידג', ספריית האוניברסיטה	T-S NS 203.42	
	קימברידג', ספריית האוניברסיטה	T-S NS 278.88	
שב	קימברידג', ספריית האוניברסיטה	T-S NS 208.56	
שג	קימברידג', ספריית האוניברסיטה	T-S NS 229.31	
שד	קימברידג', ספריית האוניברסיטה	T-S NS 229.36	
שה	קימברידג', ספריית האוניברסיטה	T-S NS 230.15	
שו	קימברידג', ספריית האוניברסיטה	T-S NS 230.33	
	קימברידג', ספריית האוניברסיטה	T-S NS 230.74	
שז	קימברידג', ספריית האוניברסיטה	T-S NS 230.48	
שח	קימברידג', ספריית האוניברסיטה	T-S NS 230.86	
שט	קימברידג', ספריית האוניברסיטה	T-S NS 230.60	
שי	קימברידג', ספריית האוניברסיטה	T-S NS 254.3	
שיא	קימברידג', ספריית האוניברסיטה	T-S NS 230.68	
	קימברידג', ספריית האוניברסיטה	T-S NS 289.125	
שיב	קימברידג', ספריית האוניברסיטה	T-S NS 235.156	
שיג	קימברידג', ספריית האוניברסיטה	T-S NS 235.166a	
שיד	קימברידג', ספריית האוניברסיטה	T-S NS 235.173	
שטו	קימברידג', ספריית האוניברסיטה	T-S NS 230.61	
	קימברידג', ספריית האוניברסיטה	T-S AS 107.181	
שטז	קימברידג', ספריית האוניברסיטה	T-S NS 243.188	
	קימברידג', ספריית האוניברסיטה	T-S AS 102.154	
	קימברידג', ספריית האוניברסיטה	T-S AS 110.207	
שיז	קימברידג', ספריית האוניברסיטה	T-S NS 236.52	
שיח	קימברידג', ספריית האוניברסיטה	T-S NS 271.1	
שיט	קימברידג', ספריית האוניברסיטה	T-S NS 271.59	
שכ	קימברידג', ספריית האוניברסיטה	T-S NS 271.65	
שכא	קימברידג', ספריית האוניברסיטה	T-S NS 271.77	
שכב	קימברידג', ספריית האוניברסיטה	T-S NS 271.79	
שכג	קימברידג', ספריית האוניברסיטה	T-S NS 271.91	
שכד1	קימברידג', ספריית האוניברסיטה	T-S NS 271.98	
שכד2	קימברידג', ספריית האוניברסיטה	T-S NS 271.98	
שכה	קימברידג', ספריית האוניברסיטה	T-S NS 271.101	
	קימברידג', ספריית האוניברסיטה	T-S NS 271.206	
שכו	קימברידג', ספריית האוניברסיטה	T-S NS 271.103	
שכז	קימברידג', ספריית האוניברסיטה	T-S NS 271.105	
שכח	קימברידג', ספריית האוניברסיטה	T-S NS 271.107	
שכט	קימברידג', ספריית האוניברסיטה	T-S NS 271.112	
של	קימברידג', ספריית האוניברסיטה	T-S NS 271.113	
שלא	קימברידג', ספריית האוניברסיטה	T-S NS 271.120	
שלב	קימברידג', ספריית האוניברסיטה	T-S NS 271.128	
שלג	קימברידג', ספריית האוניברסיטה	T-S NS 271.156	
שלד	קימברידג', ספריית האוניברסיטה	T-S NS 271.164	
	קימברידג', ספריית האוניברסיטה	T-S NS 289.93	
שלה	קימברידג', ספריית האוניברסיטה	T-S NS 271.185	
שלו	קימברידג', ספריית האוניברסיטה	T-S NS 271.193	
שלז	קימברידג', ספריית האוניברסיטה	T-S NS 271.194	
שלח	קימברידג', ספריית האוניברסיטה	T-S NS 271.205	
שלט	קימברידג', ספריית האוניברסיטה	T-S NS 271.206	
שמ	קימברידג', ספריית האוניברסיטה	T-S NS 271.217	
שמא	קימברידג', ספריית האוניברסיטה	T-S NS 272.85	
שמב	קימברידג', ספריית האוניברסיטה	T-S NS 273.37	
שמג	קימברידג', ספריית האוניברסיטה	T-S NS 274.19	
שמד	קימברידג', ספריית האוניברסיטה	T-S NS 274.113	
שמה	קימברידג', ספריית האוניברסיטה	T-S NS 275.183	
שמו	קימברידג', ספריית האוניברסיטה	T-S NS 278.11	
שמז	קימברידג', ספריית האוניברסיטה	T-S NS 278.127	
שמח	קימברידג', ספריית האוניברסיטה	T-S NS 289.123	
שמט	קימברידג', ספריית האוניברסיטה	T-S NS 289.148	
שנ	קימברידג', ספריית האוניברסיטה	T-S NS 291.80	
	קימברידג', ספריית האוניברסיטה	T-S AS 131.93	
שנא	קימברידג', ספריית האוניברסיטה	T-S NS 325.55	
שנב	קימברידג', ספריית האוניברסיטה	T-S NS 325.82	
שנג	קימברידג', ספריית האוניברסיטה	T-S NS 325.165	
שנד	קימברידג', ספריית האוניברסיטה	T-S NS J 503-505	
שנה	קימברידג', ספריית האוניברסיטה	T-S NS J 506	
שנו	קימברידג', ספריית האוניברסיטה	T-S AS 59.361	
שנז	קימברידג', ספריית האוניברסיטה	T-S AS 100.66	
שנח	קימברידג', ספריית האוניברסיטה	T-S AS 100.131	
שנט	קימברידג', ספריית האוניברסיטה	T-S AS 100.152	
שס	קימברידג', ספריית האוניברסיטה	T-S AS 100.159	
שסא	קימברידג', ספריית האוניברסיטה	T-S AS 100.325	
שסב	קימברידג', ספריית האוניברסיטה	T-S AS 101.37	
שסג	קימברידג', ספריית האוניברסיטה	T-S AS 101.67	
שסד	קימברידג', ספריית האוניברסיטה	T-S AS 101.92	
שסה	קימברידג', ספריית האוניברסיטה	T-S AS 101.150	
שסו	קימברידג', ספריית האוניברסיטה	T-S AS 101.190	
שסז	קימברידג', ספריית האוניברסיטה	T-S AS 101.207	
שסח	קימברידג', ספריית האוניברסיטה	T-S AS 101.249	
שסט	קימברידג', ספריית האוניברסיטה	T-S AS 102.22	
שע	קימברידג', ספריית האוניברסיטה	T-S AS 102.48	
שעא	קימברידג', ספריית האוניברסיטה	T-S AS 102.69	
שעב	קימברידג', ספריית האוניברסיטה	T-S AS 102.89	
שעג	קימברידג', ספריית האוניברסיטה	T-S AS 102.130	
שעד	קימברידג', ספריית האוניברסיטה	T-S AS 102.134	
שעה	קימברידג', ספריית האוניברסיטה	T-S AS 102.160	
שעו	קימברידג', ספריית האוניברסיטה	T-S AS 102.182	
שעז	קימברידג', ספריית האוניברסיטה	T-S AS 102.196	
שעח	קימברידג', ספריית האוניברסיטה	T-S AS 102.217	
שעט	קימברידג', ספריית האוניברסיטה	T-S AS 102.220	
שפ	קימברידג', ספריית האוניברסיטה	T-S AS 102.387	
שפא	קימברידג', ספריית האוניברסיטה	T-S AS 102.403	
שפב	קימברידג', ספריית האוניברסיטה	T-S AS 102.412	
שפג	קימברידג', ספריית האוניברסיטה	T-S AS 103.2	
שפד	קימברידג', ספריית האוניברסיטה	T-S AS 103.43	
שפה	קימברידג', ספריית האוניברסיטה	T-S AS 103.96	
שפו	קימברידג', ספריית האוניברסיטה	T-S AS 103.105	
שפז	קימברידג', ספריית האוניברסיטה	T-S AS 103.106	
שפח	קימברידג', ספריית האוניברסיטה	T-S AS 103.169	
שפט	קימברידג', ספריית האוניברסיטה	T-S AS 103.204	
שצ	קימברידג', ספריית האוניברסיטה	T-S AS 103.220	
שצא	קימברידג', ספריית האוניברסיטה	T-S AS 103.270	
שצב	קימברידג', ספריית האוניברסיטה	T-S AS 103.271	
שצג	קימברידג', ספריית האוניברסיטה	T-S AS 103.285	
שצד	קימברידג', ספריית האוניברסיטה	T-S AS 103.294-295	
שצה	קימברידג', ספריית האוניברסיטה	T-S AS 104.3	
שצו	קימברידג', ספריית האוניברסיטה	T-S AS 104.18	
שצז	קימברידג', ספריית האוניברסיטה	T-S AS 104.54	
שצח	קימברידג', ספריית האוניברסיטה	T-S AS 104.78	
שצט	קימברידג', ספריית האוניברסיטה	T-S AS 104.161	
ת	קימברידג', ספריית האוניברסיטה	T-S AS 104.176	
תא	קימברידג', ספריית האוניברסיטה	T-S AS 104.221	
תב	קימברידג', ספריית האוניברסיטה	T-S AS 104.247	
תג1	קימברידג', ספריית האוניברסיטה	T-S AS 105.20-21	
	קימברידג', ספריית האוניברסיטה	T-S AS 107.100	
תג2	קימברידג', ספריית האוניברסיטה	T-S AS 105.20-21	
	קימברידג', ספריית האוניברסיטה	T-S AS 107.100	
תד	קימברידג', ספריית האוניברסיטה	T-S AS 105.38	
תה	קימברידג', ספריית האוניברסיטה	T-S AS 105.94	
תו	קימברידג', ספריית האוניברסיטה	T-S AS 105.134	
תז	קימברידג', ספריית האוניברסיטה	T-S AS 105.183	
תח	קימברידג', ספריית האוניברסיטה	T-S AS 105.207	
תט	קימברידג', ספריית האוניברסיטה	T-S AS 106.11	
		T-S AS 106.219	
תי	קימברידג', ספריית האוניברסיטה	T-S AS 106.32	
תיא	קימברידג', ספריית האוניברסיטה	T-S AS 106.38	
תיב	קימברידג', ספריית האוניברסיטה	T-S AS 106.147	
תיג	קימברידג', ספריית האוניברסיטה	T-S AS 106.191	
תיד	קימברידג', ספריית` האוניברסיטה	T-S AS 106.225	
	קימברידג', ספריית האוניברסיטה	T-S AS 107.106	
תטו	קימברידג', ספריית האוניברסיטה	T-S AS 107.50	
תטז	קימברידג', ספריית האוניברסיטה	T-S AS 107.89	
תיז	קימברידג', ספריית האוניברסיטה	T-S AS 107.124	
תיח	קימברידג', ספריית האוניברסיטה	T-S AS 107.132	
	קימברידג', ספריית האוניברסיטה	T-S AS 107.142	
תיט	קימברידג', ספריית האוניברסיטה	T-S AS 107.171	
	קימברידג', ספריית האוניברסיטה	T-S AS 109.134	
תכ	קימברידג', ספריית האוניברסיטה	T-S AS 107.190	
תכא	קימברידג', ספריית האוניברסיטה	T-S AS 108.42	
תכב	קימברידג', ספריית האוניברסיטה	T-S AS 108.116	
תכג	קימברידג', ספריית האוניברסיטה	T-S AS 108.314	
תכד	קימברידג', ספריית האוניברסיטה	T-S AS 109.104	
	מנצ'סטר	B 5844	
תכה	קימברידג', ספריית האוניברסיטה	T-S AS 109.115	
תכו	קימברידג', ספריית האוניברסיטה	T-S AS 109.157	
תכז	קימברידג', ספריית האוניברסיטה	T-S AS 109.235	
תכח	קימברידג', ספריית האוניברסיטה	T-S AS 109.236	
תכט	קימברידג', ספריית האוניברסיטה	T-S AS 110.8	
תל	קימברידג', ספריית האוניברסיטה	T-S AS 110.9	
תלא	קימברידג', ספריית האוניברסיטה	T-S AS 110.94	
תלב	קימברידג', ספריית האוניברסיטה	T-S AS 110.123	
תלג	קימברידג', ספריית האוניברסיטה	T-S AS 110.196	
תלד	קימברידג', ספריית האוניברסיטה	T-S AS 110.205	
תלה	קימברידג', ספריית האוניברסיטה	T-S AS 110.208	
תלו	קימברידג', ספריית האוניברסיטה	T-S AS 110.226	
תלז	קימברידג', ספריית האוניברסיטה	T-S AS 110.311	
תלח	קימברידג', ספריית האוניברסיטה	T-S AS 110.322	
תלט	קימברידג', ספריית האוניברסיטה	T-S AS 110.350	
תמ1	קימברידג', ספריית האוניברסיטה	T-S AS 110.359	
	לונדון, הספרייה הבריטית	OR. 1080.15.4	
תמ2	קימברידג', ספריית האוניברסיטה	T-S AS 110.359	
	לונדון, הספרייה הבריטית	OR. 1080.15.4	
תמא	קימברידג', ספריית האוניברסיטה	T-S AS 110.374	
תמב1	קימברידג', ספריית האוניברסיטה	T-S AS 121.20	
	קימברידג', ספריית האוניברסיטה	T-S AS 121.170	
תמב2	קימברידג', ספריית האוניברסיטה	T-S AS 121.20	
	קימברידג', ספריית האוניברסיטה	T-S AS 121.170	
תמג	קימברידג', ספריית האוניברסיטה	T-S AS 126.224	
תמד	קימברידג', ספריית האוניברסיטה	T-S AS 128.44	
תמה	קימברידג', ספריית האוניברסיטה	OR. 1080.1.41	
תמו	קימברידג', ספריית האוניברסיטה	OR. 1080.1.57	
תמז	קימברידג', ספריית האוניברסיטה	OR. 1080.10.20	
תמח	קימברידג', ספריית האוניברסיטה	Add. 3159.6	
תמט	קימברידג', ספריית האוניברסיטה	Add. 3162	
תנ	קימברידג', ספריית האוניברסיטה, אוסף לואיס גיבסון	Lit. I.11	
	קימברידג', ספריית האוניברסיטה, אוסף לואיס גיבסון	Lit. III.87	
תנא	קימברידג', ספריית האוניברסיטה, אוסף לואיס גיבסון	Lit. I.121-122	
תנב	קימברידג', ספריית האוניברסיטה, אוסף לואיס גיבסון	Lit. I.149	
תנג	קימברידג', ספריית האוניברסיטה, אוסף לואיס גיבסון	Lit. I.182	
תנד1	קימברידג', ספריית האוניברסיטה, אוסף לואיס גיבסון	Lit. I.184	
תנד2	קימברידג', ספריית האוניברסיטה, אוסף לואיס גיבסון	Lit. I.184	
תנה	קימברידג', ספריית האוניברסיטה, אוסף לואיס גיבסון	Lit. II.54	
תנו	קימברידג', ספריית האוניברסיטה, אוסף לואיס גיבסון	Lit. II.152	
תנז	קימברידג', ספריית האוניברסיטה, אוסף לואיס גיבסון	Lit. III.84	
תנח	קימברידג', ספריית האוניברסיטה, אוסף מוצרי	I.98.3	
תנט	קימברידג', ספריית האוניברסיטה, אוסף מוצרי	I.99	
תס	קימברידג', ספריית האוניברסיטה, אוסף מוצרי	I.130	
תסא	קימברידג', ספריית האוניברסיטה, אוסף מוצרי	VIII 388.1	
תסב1	קימברידג', ספריית האוניברסיטה, אוסף מוצרי	VIII 453	
תסב2	קימברידג', ספריית האוניברסיטה, אוסף מוצרי	VIII 453	
תסג	קימברידג', ספריית האוניברסיטה, אוסף מוצרי	VIII 458	
תסד	קימברידג', ספריית האוניברסיטה, אוסף מוצרי	VIII 459.2	
תסה	קימברידג', ספריית האוניברסיטה, אוסף מוצרי	IX.12.2	
תסו	קימברידג', ספריית האוניברסיטה, אוסף מוצרי	IX.187	
